clip_id,video_id,start_sec,duration_sec,target_fps,n_frames,img_size,label,subset,split,rel_path
3e538365292c46d3,6a5295f1821e6e32,0.0,5.0,12,60,224,0,negative,val,data/processed/clips/3e538365292c46d3.npz
67fda60ae03f1b0b,6a5295f1821e6e32,2.0,5.0,12,60,224,0,negative,val,data/processed/clips/67fda60ae03f1b0b.npz
d78bde0a2bda8077,6a5295f1821e6e32,4.0,5.0,12,60,224,0,negative,val,data/processed/clips/d78bde0a2bda8077.npz
05377f853a74bb62,6a5295f1821e6e32,6.0,5.0,12,60,224,0,negative,val,data/processed/clips/05377f853a74bb62.npz
92bfa4a32798a090,6a5295f1821e6e32,8.0,5.0,12,60,224,0,negative,val,data/processed/clips/92bfa4a32798a090.npz
61c2898f23c8bf73,6a5295f1821e6e32,10.0,5.0,12,60,224,0,negative,val,data/processed/clips/61c2898f23c8bf73.npz
6714cbf7de42841d,2f4eb8ef6131aa21,0.0,5.0,12,60,224,0,negative,test,data/processed/clips/6714cbf7de42841d.npz
180adfe1a26a4230,398c5097eb2cd180,0.0,5.0,12,60,224,0,negative,val,data/processed/clips/180adfe1a26a4230.npz
ffae8d292a4ac7c4,41dbc109ee33d018,0.0,5.0,12,60,224,0,negative,train,data/processed/clips/ffae8d292a4ac7c4.npz
04f631007f3d54a0,ae43ddf07fde7d7f,0.0,5.0,12,60,224,0,negative,train,data/processed/clips/04f631007f3d54a0.npz
b2ae592e5ae9d8ac,ff5d1fe689cc50d6,0.0,5.0,12,60,224,0,negative,train,data/processed/clips/b2ae592e5ae9d8ac.npz
bae0cb1691593ef9,8c9c6e7904f94451,0.0,5.0,12,60,224,0,negative,train,data/processed/clips/bae0cb1691593ef9.npz
8afda3a3e8b5b0f3,cd2a36cd5abb535e,0.0,5.0,12,60,224,0,negative,train,data/processed/clips/8afda3a3e8b5b0f3.npz
2b34e24938e2bafe,99141edce592782d,0.0,5.0,12,60,224,0,negative,test,data/processed/clips/2b34e24938e2bafe.npz
d9eb8ea773a0e884,bd3372e6957bb081,0.0,5.0,12,60,224,0,negative,train,data/processed/clips/d9eb8ea773a0e884.npz
8486dc35f803ea44,e6d12d42492553a0,0.0,5.0,12,60,224,0,negative,train,data/processed/clips/8486dc35f803ea44.npz
924663da4dee397f,d737d35831b6e1cc,0.0,5.0,12,60,224,0,negative,train,data/processed/clips/924663da4dee397f.npz
25c6d2f0fb1bd4da,ae7f961ae4f1b698,0.0,5.0,12,60,224,0,negative,val,data/processed/clips/25c6d2f0fb1bd4da.npz
72bc8c41c5e64f14,ae7f961ae4f1b698,2.0,5.0,12,60,224,0,negative,val,data/processed/clips/72bc8c41c5e64f14.npz
e2896d1fee6aa922,ae7f961ae4f1b698,4.0,5.0,12,60,224,0,negative,val,data/processed/clips/e2896d1fee6aa922.npz
618aad9e38956ef2,ae7f961ae4f1b698,6.0,5.0,12,60,224,0,negative,val,data/processed/clips/618aad9e38956ef2.npz
11fb1a9de0edfe0c,0cd806db4fa6d0fb,0.0,5.0,12,60,224,0,negative,test,data/processed/clips/11fb1a9de0edfe0c.npz
5f38317117fe19a4,3ef1ecd653b349d7,0.0,5.0,12,60,224,0,negative,val,data/processed/clips/5f38317117fe19a4.npz
95ebd62246528c40,8c8097c82b615832,0.0,5.0,12,60,224,0,negative,train,data/processed/clips/95ebd62246528c40.npz
81c9dfeb2bf57907,2c3afe43a7314033,0.0,5.0,12,60,224,0,negative,train,data/processed/clips/81c9dfeb2bf57907.npz
aa7470d98acb612f,4b76c9b59252bc54,0.0,5.0,12,60,224,0,negative,train,data/processed/clips/aa7470d98acb612f.npz
df8c1122cf6ca640,e95dc97d3824d9e7,0.0,5.0,12,60,224,0,negative,train,data/processed/clips/df8c1122cf6ca640.npz
6c81f170d4d36ece,6c828b550e6744ed,0.0,5.0,12,60,224,0,negative,train,data/processed/clips/6c81f170d4d36ece.npz
5e56fbb74f5a73ac,5d63ed659fb4a442,0.0,5.0,12,60,224,0,negative,train,data/processed/clips/5e56fbb74f5a73ac.npz
4f608001945664f9,23b70ea46ee8d156,0.0,5.0,12,60,224,0,negative,train,data/processed/clips/4f608001945664f9.npz
60d6b45ebd4ff6d0,68894adda0bb4aad,0.0,5.0,12,60,224,0,negative,train,data/processed/clips/60d6b45ebd4ff6d0.npz
950255859985dd49,68894adda0bb4aad,2.0,5.0,12,60,224,0,negative,train,data/processed/clips/950255859985dd49.npz
a826a65fb0de55a2,68894adda0bb4aad,4.0,5.0,12,60,224,0,negative,train,data/processed/clips/a826a65fb0de55a2.npz
e643852b42e24df3,68894adda0bb4aad,6.0,5.0,12,60,224,0,negative,train,data/processed/clips/e643852b42e24df3.npz
b74dddd0e6d08200,68894adda0bb4aad,8.0,5.0,12,60,224,0,negative,train,data/processed/clips/b74dddd0e6d08200.npz
811e5fbf050de931,68894adda0bb4aad,10.0,5.0,12,60,224,0,negative,train,data/processed/clips/811e5fbf050de931.npz
8e77db9a9aba4f5f,68894adda0bb4aad,12.0,5.0,12,60,224,0,negative,train,data/processed/clips/8e77db9a9aba4f5f.npz
f7291f5d9a25216d,763f8cf46cc48f21,0.0,5.0,12,60,224,0,negative,train,data/processed/clips/f7291f5d9a25216d.npz
c649339af6dad308,7e0258c409bc6f56,0.0,5.0,12,60,224,0,negative,train,data/processed/clips/c649339af6dad308.npz
79b7d416c168a3e1,4c18cd552c1557b4,0.0,5.0,12,60,224,0,negative,train,data/processed/clips/79b7d416c168a3e1.npz
089c27f3cdb62aaa,be347a4bcb355934,0.0,5.0,12,60,224,0,negative,train,data/processed/clips/089c27f3cdb62aaa.npz
bd77f04435cb8de8,a63594dc492c118e,0.0,5.0,12,60,224,0,negative,train,data/processed/clips/bd77f04435cb8de8.npz
08d3eebb32698b97,384493430a5b2d77,0.0,5.0,12,60,224,0,negative,train,data/processed/clips/08d3eebb32698b97.npz
6117d84cb16a2745,0706a3b4bdcd25bc,0.0,5.0,12,60,224,0,negative,train,data/processed/clips/6117d84cb16a2745.npz
8cdaeb5562ab2409,3df8fd491e4f6ea4,0.0,5.0,12,60,224,0,negative,train,data/processed/clips/8cdaeb5562ab2409.npz
3bdb56b0003a5f01,3c0097fd088fca21,0.0,5.0,12,60,224,0,negative,train,data/processed/clips/3bdb56b0003a5f01.npz
a800dd709e941c1c,c153178f84f6e9c6,0.0,5.0,12,60,224,0,negative,train,data/processed/clips/a800dd709e941c1c.npz
81e51e6507d9a2ec,b41d9a7ea69b7e50,0.0,5.0,12,60,224,0,negative,test,data/processed/clips/81e51e6507d9a2ec.npz
7079f3735a8a6467,4dcf19866d0a93aa,0.0,5.0,12,60,224,0,negative,train,data/processed/clips/7079f3735a8a6467.npz
b66cad831ce76245,4dcf19866d0a93aa,2.0,5.0,12,60,224,0,negative,train,data/processed/clips/b66cad831ce76245.npz
dc795bc98490e3b1,4dcf19866d0a93aa,4.0,5.0,12,60,224,0,negative,train,data/processed/clips/dc795bc98490e3b1.npz
3619301246972330,4dcf19866d0a93aa,6.0,5.0,12,60,224,0,negative,train,data/processed/clips/3619301246972330.npz
eec67e1c43e4aab4,4dcf19866d0a93aa,8.0,5.0,12,60,224,0,negative,train,data/processed/clips/eec67e1c43e4aab4.npz
6a1f8d79ce128331,4a8a41221e9c5c03,0.0,5.0,12,60,224,0,negative,train,data/processed/clips/6a1f8d79ce128331.npz
c104de6dc6208b65,1f8b203d43622b4c,0.0,5.0,12,60,224,0,negative,test,data/processed/clips/c104de6dc6208b65.npz
342db21b4abd0c1a,685f663412d3508e,0.0,5.0,12,60,224,0,negative,train,data/processed/clips/342db21b4abd0c1a.npz
28fe765c6b537a21,4975f09ca1432ece,0.0,5.0,12,60,224,0,negative,train,data/processed/clips/28fe765c6b537a21.npz
9c76ff32f51f94ab,a31c0043a4a6679f,0.0,5.0,12,60,224,0,negative,train,data/processed/clips/9c76ff32f51f94ab.npz
f088d290ea64b072,f39469f54527b364,0.0,5.0,12,60,224,0,negative,train,data/processed/clips/f088d290ea64b072.npz
e02db30be05084e1,b0bcd02e77a0f676,0.0,5.0,12,60,224,0,negative,train,data/processed/clips/e02db30be05084e1.npz
d515032a7b91e135,a4f0df64957ae4a0,0.0,5.0,12,60,224,0,negative,train,data/processed/clips/d515032a7b91e135.npz
31d5f18eb4e1dd70,64f24a31ff10efac,0.0,5.0,12,60,224,0,negative,train,data/processed/clips/31d5f18eb4e1dd70.npz
07ad950cc09f31aa,da536c9041511075,0.0,5.0,12,60,224,0,negative,train,data/processed/clips/07ad950cc09f31aa.npz
a3e9e29fd5cd0940,4e53a4156a0c2e9b,0.0,5.0,12,60,224,0,negative,train,data/processed/clips/a3e9e29fd5cd0940.npz
390145f90b7db6d0,73da42b0e0404c54,0.0,5.0,12,60,224,0,negative,train,data/processed/clips/390145f90b7db6d0.npz
416e313335c43aed,c35e4b0a855119f4,0.0,5.0,12,60,224,0,negative,val,data/processed/clips/416e313335c43aed.npz
20ec2bd9540524e7,8e1d52110bc1c7bb,0.0,5.0,12,60,224,0,negative,train,data/processed/clips/20ec2bd9540524e7.npz
a3c69468a1f538a5,78644979794cd760,0.0,5.0,12,60,224,1,beanNG,train,data/processed/clips/a3c69468a1f538a5.npz
282416686f587694,78644979794cd760,2.0,5.0,12,60,224,1,beanNG,train,data/processed/clips/282416686f587694.npz
5c136658eb1a7687,78644979794cd760,4.0,5.0,12,60,224,1,beanNG,train,data/processed/clips/5c136658eb1a7687.npz
7764c9728130bf76,dce5b1a6ee3e49fe,0.0,5.0,12,60,224,1,beanNG,test,data/processed/clips/7764c9728130bf76.npz
0901b86d1a617931,dce5b1a6ee3e49fe,2.0,5.0,12,60,224,1,beanNG,test,data/processed/clips/0901b86d1a617931.npz
f32d45e2ea16ba88,dce5b1a6ee3e49fe,4.0,5.0,12,60,224,1,beanNG,test,data/processed/clips/f32d45e2ea16ba88.npz
1c15a406cb251b17,dce5b1a6ee3e49fe,6.0,5.0,12,60,224,1,beanNG,test,data/processed/clips/1c15a406cb251b17.npz
d672e7a8d1ca0392,dce5b1a6ee3e49fe,8.0,5.0,12,60,224,1,beanNG,test,data/processed/clips/d672e7a8d1ca0392.npz
1cc34f19e6dc3f4a,dce5b1a6ee3e49fe,10.0,5.0,12,60,224,1,beanNG,test,data/processed/clips/1cc34f19e6dc3f4a.npz
ef13e486679a2bec,dce5b1a6ee3e49fe,12.0,5.0,12,60,224,1,beanNG,test,data/processed/clips/ef13e486679a2bec.npz
cc973d745dead1f8,bcccfc0ea663ea27,0.0,5.0,12,60,224,1,beanNG,train,data/processed/clips/cc973d745dead1f8.npz
8851e7d36f6ccc5e,bcccfc0ea663ea27,2.0,5.0,12,60,224,1,beanNG,train,data/processed/clips/8851e7d36f6ccc5e.npz
60dc67ba515a3069,bcccfc0ea663ea27,4.0,5.0,12,60,224,1,beanNG,train,data/processed/clips/60dc67ba515a3069.npz
ee56839e9aea85ea,bcccfc0ea663ea27,6.0,5.0,12,60,224,1,beanNG,train,data/processed/clips/ee56839e9aea85ea.npz
8f337fb877cc261c,bcccfc0ea663ea27,8.0,5.0,12,60,224,1,beanNG,train,data/processed/clips/8f337fb877cc261c.npz
5af3db4132b19cb4,bcccfc0ea663ea27,10.0,5.0,12,60,224,1,beanNG,train,data/processed/clips/5af3db4132b19cb4.npz
ae4be10aff0e926a,84bd802684122b97,0.0,5.0,12,60,224,1,beanNG,train,data/processed/clips/ae4be10aff0e926a.npz
d550bcf9cf3947ef,84bd802684122b97,2.0,5.0,12,60,224,1,beanNG,train,data/processed/clips/d550bcf9cf3947ef.npz
154b72dfaf8800dc,84bd802684122b97,4.0,5.0,12,60,224,1,beanNG,train,data/processed/clips/154b72dfaf8800dc.npz
2f045b0cc758d878,84bd802684122b97,6.0,5.0,12,60,224,1,beanNG,train,data/processed/clips/2f045b0cc758d878.npz
6c9275dd144e1be6,99dd1e2b7135d8f5,0.0,5.0,12,60,224,1,beanNG,train,data/processed/clips/6c9275dd144e1be6.npz
f933a42d31a11bd2,99dd1e2b7135d8f5,2.0,5.0,12,60,224,1,beanNG,train,data/processed/clips/f933a42d31a11bd2.npz
cb723e31b5a08bbd,99dd1e2b7135d8f5,4.0,5.0,12,60,224,1,beanNG,train,data/processed/clips/cb723e31b5a08bbd.npz
a0a601027f828112,99dd1e2b7135d8f5,6.0,5.0,12,60,224,1,beanNG,train,data/processed/clips/a0a601027f828112.npz
3f5f67697cc8058c,99dd1e2b7135d8f5,8.0,5.0,12,60,224,1,beanNG,train,data/processed/clips/3f5f67697cc8058c.npz
e5e0ea70c6dd7971,99dd1e2b7135d8f5,10.0,5.0,12,60,224,1,beanNG,train,data/processed/clips/e5e0ea70c6dd7971.npz
f24fba052ae5c2c7,99dd1e2b7135d8f5,12.0,5.0,12,60,224,1,beanNG,train,data/processed/clips/f24fba052ae5c2c7.npz
56fc031b69a620d7,99dd1e2b7135d8f5,14.0,5.0,12,60,224,1,beanNG,train,data/processed/clips/56fc031b69a620d7.npz
eb7ab43c495a06cf,99dd1e2b7135d8f5,16.0,5.0,12,60,224,1,beanNG,train,data/processed/clips/eb7ab43c495a06cf.npz
481e132f69e7fb8e,2c50d643fe3cb6e9,0.0,5.0,12,60,224,1,beanNG,train,data/processed/clips/481e132f69e7fb8e.npz
def82f7984997601,2c50d643fe3cb6e9,2.0,5.0,12,60,224,1,beanNG,train,data/processed/clips/def82f7984997601.npz
708232f225a4648f,2c50d643fe3cb6e9,4.0,5.0,12,60,224,1,beanNG,train,data/processed/clips/708232f225a4648f.npz
976f304d7043805e,2c50d643fe3cb6e9,6.0,5.0,12,60,224,1,beanNG,train,data/processed/clips/976f304d7043805e.npz
4bd3d4098465e871,2c50d643fe3cb6e9,8.0,5.0,12,60,224,1,beanNG,train,data/processed/clips/4bd3d4098465e871.npz
5755e6238c3bd88e,2c50d643fe3cb6e9,10.0,5.0,12,60,224,1,beanNG,train,data/processed/clips/5755e6238c3bd88e.npz
bf03fc5c4ed6c60d,2c50d643fe3cb6e9,12.0,5.0,12,60,224,1,beanNG,train,data/processed/clips/bf03fc5c4ed6c60d.npz
397d63bda9c7d654,2c50d643fe3cb6e9,14.0,5.0,12,60,224,1,beanNG,train,data/processed/clips/397d63bda9c7d654.npz
8fffb44f7f9c5051,2c50d643fe3cb6e9,16.0,5.0,12,60,224,1,beanNG,train,data/processed/clips/8fffb44f7f9c5051.npz
a26969039fe356bc,2c50d643fe3cb6e9,18.0,5.0,12,60,224,1,beanNG,train,data/processed/clips/a26969039fe356bc.npz
d666ad7facdf1ff0,a4b4728f8f15a9f2,0.0,5.0,12,60,224,1,beanNG,train,data/processed/clips/d666ad7facdf1ff0.npz
a52b6827c1de7360,a4b4728f8f15a9f2,2.0,5.0,12,60,224,1,beanNG,train,data/processed/clips/a52b6827c1de7360.npz
70e35149e4c009cd,a4b4728f8f15a9f2,4.0,5.0,12,60,224,1,beanNG,train,data/processed/clips/70e35149e4c009cd.npz
ca02330b3e346e28,a4b4728f8f15a9f2,6.0,5.0,12,60,224,1,beanNG,train,data/processed/clips/ca02330b3e346e28.npz
af0bedb8a743ca88,a4b4728f8f15a9f2,8.0,5.0,12,60,224,1,beanNG,train,data/processed/clips/af0bedb8a743ca88.npz
1ea7e5c06a4051c7,a4b4728f8f15a9f2,10.0,5.0,12,60,224,1,beanNG,train,data/processed/clips/1ea7e5c06a4051c7.npz
7db94d5fedc451dd,9f2ebf7aa433a529,0.0,5.0,12,60,224,1,beanNG,train,data/processed/clips/7db94d5fedc451dd.npz
573c3752cd8cd784,9f2ebf7aa433a529,2.0,5.0,12,60,224,1,beanNG,train,data/processed/clips/573c3752cd8cd784.npz
fca216964be8b139,9f2ebf7aa433a529,4.0,5.0,12,60,224,1,beanNG,train,data/processed/clips/fca216964be8b139.npz
9b7cfeae24f2d822,9f2ebf7aa433a529,6.0,5.0,12,60,224,1,beanNG,train,data/processed/clips/9b7cfeae24f2d822.npz
e5be3ade731eb229,9f2ebf7aa433a529,8.0,5.0,12,60,224,1,beanNG,train,data/processed/clips/e5be3ade731eb229.npz
3f11d83b80d6169b,ac46bb008435ae43,0.0,5.0,12,60,224,1,beanNG,train,data/processed/clips/3f11d83b80d6169b.npz
bd34072287fa4c82,ac46bb008435ae43,2.0,5.0,12,60,224,1,beanNG,train,data/processed/clips/bd34072287fa4c82.npz
3fe34574112d1578,ac46bb008435ae43,4.0,5.0,12,60,224,1,beanNG,train,data/processed/clips/3fe34574112d1578.npz
8d63f65f359662d2,ac46bb008435ae43,6.0,5.0,12,60,224,1,beanNG,train,data/processed/clips/8d63f65f359662d2.npz
3a8b5f8fd952b854,ac46bb008435ae43,8.0,5.0,12,60,224,1,beanNG,train,data/processed/clips/3a8b5f8fd952b854.npz
09bef80a25d265af,ac46bb008435ae43,10.0,5.0,12,60,224,1,beanNG,train,data/processed/clips/09bef80a25d265af.npz
97a7e1b93a7b5c99,ac46bb008435ae43,12.0,5.0,12,60,224,1,beanNG,train,data/processed/clips/97a7e1b93a7b5c99.npz
a452f0f0df38fa8b,664e273e838e2711,0.0,5.0,12,60,224,1,beanNG,train,data/processed/clips/a452f0f0df38fa8b.npz
2816a3f5b49e6f08,664e273e838e2711,2.0,5.0,12,60,224,1,beanNG,train,data/processed/clips/2816a3f5b49e6f08.npz
d763bf67750e0aa3,664e273e838e2711,4.0,5.0,12,60,224,1,beanNG,train,data/processed/clips/d763bf67750e0aa3.npz
e5d487ab4996852e,664e273e838e2711,6.0,5.0,12,60,224,1,beanNG,train,data/processed/clips/e5d487ab4996852e.npz
8ceabc96685534f4,895829e8688fcbd5,0.0,5.0,12,60,224,1,challenging,train,data/processed/clips/8ceabc96685534f4.npz
33d43ea7aa4782ba,895829e8688fcbd5,2.0,5.0,12,60,224,1,challenging,train,data/processed/clips/33d43ea7aa4782ba.npz
7392f4801620a924,895829e8688fcbd5,4.0,5.0,12,60,224,1,challenging,train,data/processed/clips/7392f4801620a924.npz
fd88a0dc2b2404ba,895829e8688fcbd5,6.0,5.0,12,60,224,1,challenging,train,data/processed/clips/fd88a0dc2b2404ba.npz
acb8e10b67375125,f02efdd19f9d0d40,0.0,5.0,12,60,224,1,challenging,train,data/processed/clips/acb8e10b67375125.npz
a443f0872a6e21ab,f02efdd19f9d0d40,2.0,5.0,12,60,224,1,challenging,train,data/processed/clips/a443f0872a6e21ab.npz
3046d299bade7a94,f02efdd19f9d0d40,4.0,5.0,12,60,224,1,challenging,train,data/processed/clips/3046d299bade7a94.npz
ea22acbc3168fc79,f02efdd19f9d0d40,6.0,5.0,12,60,224,1,challenging,train,data/processed/clips/ea22acbc3168fc79.npz
678cec8d16582493,b2ff58b118a920e5,0.0,5.0,12,60,224,1,challenging,train,data/processed/clips/678cec8d16582493.npz
a6bedefaccfa01a9,947be36a5ae29aae,0.0,5.0,12,60,224,1,challenging,train,data/processed/clips/a6bedefaccfa01a9.npz
e91990bc09e6eb75,947be36a5ae29aae,2.0,5.0,12,60,224,1,challenging,train,data/processed/clips/e91990bc09e6eb75.npz
2ba985853e246884,947be36a5ae29aae,4.0,5.0,12,60,224,1,challenging,train,data/processed/clips/2ba985853e246884.npz
72d05cb9b742c25a,2885cd5a396bc5d9,0.0,5.0,12,60,224,1,challenging,train,data/processed/clips/72d05cb9b742c25a.npz
7bba0af5377350c8,2885cd5a396bc5d9,2.0,5.0,12,60,224,1,challenging,train,data/processed/clips/7bba0af5377350c8.npz
41cf7a81eb5175f0,2885cd5a396bc5d9,4.0,5.0,12,60,224,1,challenging,train,data/processed/clips/41cf7a81eb5175f0.npz
34e6a7dae8e0d364,2885cd5a396bc5d9,6.0,5.0,12,60,224,1,challenging,train,data/processed/clips/34e6a7dae8e0d364.npz
e09cd87b5b1cae9d,2885cd5a396bc5d9,8.0,5.0,12,60,224,1,challenging,train,data/processed/clips/e09cd87b5b1cae9d.npz
631947f3604e7db5,2885cd5a396bc5d9,10.0,5.0,12,60,224,1,challenging,train,data/processed/clips/631947f3604e7db5.npz
7cf77d4fb3e299ce,2885cd5a396bc5d9,12.0,5.0,12,60,224,1,challenging,train,data/processed/clips/7cf77d4fb3e299ce.npz
e6edb5e0c1b42bdd,2885cd5a396bc5d9,14.0,5.0,12,60,224,1,challenging,train,data/processed/clips/e6edb5e0c1b42bdd.npz
ac5cdb0d86aa5a60,2885cd5a396bc5d9,16.0,5.0,12,60,224,1,challenging,train,data/processed/clips/ac5cdb0d86aa5a60.npz
1f70ab2952e32acd,2885cd5a396bc5d9,18.0,5.0,12,60,224,1,challenging,train,data/processed/clips/1f70ab2952e32acd.npz
fd03de499d539bdf,2885cd5a396bc5d9,20.0,5.0,12,60,224,1,challenging,train,data/processed/clips/fd03de499d539bdf.npz
cf31b7b34ada0ded,2885cd5a396bc5d9,22.0,5.0,12,60,224,1,challenging,train,data/processed/clips/cf31b7b34ada0ded.npz
003b5f5e147bd729,2885cd5a396bc5d9,24.0,5.0,12,60,224,1,challenging,train,data/processed/clips/003b5f5e147bd729.npz
323e6dedf4e3e2cf,2885cd5a396bc5d9,26.0,5.0,12,60,224,1,challenging,train,data/processed/clips/323e6dedf4e3e2cf.npz
e8761019d4c58932,2885cd5a396bc5d9,28.0,5.0,12,60,224,1,challenging,train,data/processed/clips/e8761019d4c58932.npz
f5634baa6b43903a,2885cd5a396bc5d9,30.0,5.0,12,60,224,1,challenging,train,data/processed/clips/f5634baa6b43903a.npz
41fcb772e82f55bf,b5c452a707c5af4d,0.0,5.0,12,60,224,1,challenging,train,data/processed/clips/41fcb772e82f55bf.npz
9cce9c2798470cb4,02297e9890345fb0,0.0,5.0,12,60,224,1,positive,train,data/processed/clips/9cce9c2798470cb4.npz
db67dbf684433c65,02297e9890345fb0,2.0,5.0,12,60,224,1,positive,train,data/processed/clips/db67dbf684433c65.npz
9150f50457e8d53d,02297e9890345fb0,4.0,5.0,12,60,224,1,positive,train,data/processed/clips/9150f50457e8d53d.npz
4126abe74075997d,02297e9890345fb0,6.0,5.0,12,60,224,1,positive,train,data/processed/clips/4126abe74075997d.npz
c5104b4ecac35bad,02297e9890345fb0,8.0,5.0,12,60,224,1,positive,train,data/processed/clips/c5104b4ecac35bad.npz
8c0c33e57165b0b6,02297e9890345fb0,10.0,5.0,12,60,224,1,positive,train,data/processed/clips/8c0c33e57165b0b6.npz
50a7384f6202135d,02297e9890345fb0,12.0,5.0,12,60,224,1,positive,train,data/processed/clips/50a7384f6202135d.npz
31f45fa45177f923,02297e9890345fb0,14.0,5.0,12,60,224,1,positive,train,data/processed/clips/31f45fa45177f923.npz
8aa15d47ca0b65aa,02297e9890345fb0,16.0,5.0,12,60,224,1,positive,train,data/processed/clips/8aa15d47ca0b65aa.npz
27ad210d210749af,02297e9890345fb0,18.0,5.0,12,60,224,1,positive,train,data/processed/clips/27ad210d210749af.npz
eeb647cda3bf96ca,80f3f425ccb0a707,0.0,5.0,12,60,224,1,positive,val,data/processed/clips/eeb647cda3bf96ca.npz
b3014cac60ce8ea3,80f3f425ccb0a707,2.0,5.0,12,60,224,1,positive,val,data/processed/clips/b3014cac60ce8ea3.npz
b86c43f0b804782d,80f3f425ccb0a707,4.0,5.0,12,60,224,1,positive,val,data/processed/clips/b86c43f0b804782d.npz
6cbd6cce973825db,80f3f425ccb0a707,6.0,5.0,12,60,224,1,positive,val,data/processed/clips/6cbd6cce973825db.npz
8690288b7c02df0d,99d811b3df687df1,0.0,5.0,12,60,224,1,positive,train,data/processed/clips/8690288b7c02df0d.npz
5e8b4f00eea19c4e,99d811b3df687df1,2.0,5.0,12,60,224,1,positive,train,data/processed/clips/5e8b4f00eea19c4e.npz
20e53b4ee0953e7f,99d811b3df687df1,4.0,5.0,12,60,224,1,positive,train,data/processed/clips/20e53b4ee0953e7f.npz
a4683e143b977cf9,99d811b3df687df1,6.0,5.0,12,60,224,1,positive,train,data/processed/clips/a4683e143b977cf9.npz
90c978f5476c1e12,99d811b3df687df1,8.0,5.0,12,60,224,1,positive,train,data/processed/clips/90c978f5476c1e12.npz
b388eb3f92f0b45d,99d811b3df687df1,10.0,5.0,12,60,224,1,positive,train,data/processed/clips/b388eb3f92f0b45d.npz
19d29a213a211549,2364c765a999c8ba,0.0,5.0,12,60,224,1,positive,train,data/processed/clips/19d29a213a211549.npz
7d5000d42a714c74,2364c765a999c8ba,2.0,5.0,12,60,224,1,positive,train,data/processed/clips/7d5000d42a714c74.npz
84652a55394b169f,03c1806db1fce194,0.0,5.0,12,60,224,1,positive,train,data/processed/clips/84652a55394b169f.npz
dc3c1ecacca6722d,03c1806db1fce194,2.0,5.0,12,60,224,1,positive,train,data/processed/clips/dc3c1ecacca6722d.npz
7d29207bb1c83d77,03c1806db1fce194,4.0,5.0,12,60,224,1,positive,train,data/processed/clips/7d29207bb1c83d77.npz
9faf56b2fa642258,03c1806db1fce194,6.0,5.0,12,60,224,1,positive,train,data/processed/clips/9faf56b2fa642258.npz
27a5d3a88f8ad278,03c1806db1fce194,8.0,5.0,12,60,224,1,positive,train,data/processed/clips/27a5d3a88f8ad278.npz
74769640444120d0,03c1806db1fce194,10.0,5.0,12,60,224,1,positive,train,data/processed/clips/74769640444120d0.npz
5ad0179ab23e39c8,03c1806db1fce194,12.0,5.0,12,60,224,1,positive,train,data/processed/clips/5ad0179ab23e39c8.npz
79812d84a28e16d4,03c1806db1fce194,14.0,5.0,12,60,224,1,positive,train,data/processed/clips/79812d84a28e16d4.npz
015a5e88d4da8728,03c1806db1fce194,16.0,5.0,12,60,224,1,positive,train,data/processed/clips/015a5e88d4da8728.npz
e43a13c49cc2d679,03c1806db1fce194,18.0,5.0,12,60,224,1,positive,train,data/processed/clips/e43a13c49cc2d679.npz
6aadd180eba148ec,03c1806db1fce194,20.0,5.0,12,60,224,1,positive,train,data/processed/clips/6aadd180eba148ec.npz
7434dd879ea9c273,42cd39b9b9ed9dbd,0.0,5.0,12,60,224,1,positive,train,data/processed/clips/7434dd879ea9c273.npz
1b9f3dac63e5def7,42cd39b9b9ed9dbd,2.0,5.0,12,60,224,1,positive,train,data/processed/clips/1b9f3dac63e5def7.npz
8ee109b319374f0e,f152d45d89fb6772,0.0,5.0,12,60,224,1,positive,train,data/processed/clips/8ee109b319374f0e.npz
2161e4d4998f5bf7,f152d45d89fb6772,2.0,5.0,12,60,224,1,positive,train,data/processed/clips/2161e4d4998f5bf7.npz
43f8127b941e7840,f152d45d89fb6772,4.0,5.0,12,60,224,1,positive,train,data/processed/clips/43f8127b941e7840.npz
738d7a14333270d0,f152d45d89fb6772,6.0,5.0,12,60,224,1,positive,train,data/processed/clips/738d7a14333270d0.npz
b139594923bc340d,f152d45d89fb6772,8.0,5.0,12,60,224,1,positive,train,data/processed/clips/b139594923bc340d.npz
bb651e5abecf6c24,84e8c6b47162cda8,0.0,5.0,12,60,224,1,positive,train,data/processed/clips/bb651e5abecf6c24.npz
cd9d04b9f6499411,84e8c6b47162cda8,2.0,5.0,12,60,224,1,positive,train,data/processed/clips/cd9d04b9f6499411.npz
ca4ba6daa61e7708,84e8c6b47162cda8,4.0,5.0,12,60,224,1,positive,train,data/processed/clips/ca4ba6daa61e7708.npz
2fd54d9b59a9f0fb,84e8c6b47162cda8,6.0,5.0,12,60,224,1,positive,train,data/processed/clips/2fd54d9b59a9f0fb.npz
094458e99b21f3c0,84e8c6b47162cda8,8.0,5.0,12,60,224,1,positive,train,data/processed/clips/094458e99b21f3c0.npz
197f40b131dd945c,84e8c6b47162cda8,10.0,5.0,12,60,224,1,positive,train,data/processed/clips/197f40b131dd945c.npz
3df6cc937255b0d3,84e8c6b47162cda8,12.0,5.0,12,60,224,1,positive,train,data/processed/clips/3df6cc937255b0d3.npz
69eaf85afebf6f55,dbb9eaed6b72c22c,0.0,5.0,12,60,224,1,positive,train,data/processed/clips/69eaf85afebf6f55.npz
9f38653f6a0f544d,47272f5208c5c862,0.0,5.0,12,60,224,1,positive,train,data/processed/clips/9f38653f6a0f544d.npz
be88477d8c5de245,2746e2aeba748145,0.0,5.0,12,60,224,1,positive,train,data/processed/clips/be88477d8c5de245.npz
d7de498538a9f5db,51d26f176f4b733b,0.0,5.0,12,60,224,1,positive,train,data/processed/clips/d7de498538a9f5db.npz
1105bf5fe2e17b6a,51d26f176f4b733b,2.0,5.0,12,60,224,1,positive,train,data/processed/clips/1105bf5fe2e17b6a.npz
bc74658a7a274c55,51d26f176f4b733b,4.0,5.0,12,60,224,1,positive,train,data/processed/clips/bc74658a7a274c55.npz
af203e2ba7f75800,51d26f176f4b733b,6.0,5.0,12,60,224,1,positive,train,data/processed/clips/af203e2ba7f75800.npz
a0580ef9ab420073,51d26f176f4b733b,8.0,5.0,12,60,224,1,positive,train,data/processed/clips/a0580ef9ab420073.npz
6f1707aaf36654a7,51c0c293fcd68f2c,0.0,5.0,12,60,224,1,positive,train,data/processed/clips/6f1707aaf36654a7.npz
a6001fa3f89ba789,51c0c293fcd68f2c,2.0,5.0,12,60,224,1,positive,train,data/processed/clips/a6001fa3f89ba789.npz
3ebd4859138f7273,51c0c293fcd68f2c,4.0,5.0,12,60,224,1,positive,train,data/processed/clips/3ebd4859138f7273.npz
3b54fa71866f0b58,51c0c293fcd68f2c,6.0,5.0,12,60,224,1,positive,train,data/processed/clips/3b54fa71866f0b58.npz
467fe29de710c1ea,51c0c293fcd68f2c,8.0,5.0,12,60,224,1,positive,train,data/processed/clips/467fe29de710c1ea.npz
b2d8cb55fba72289,51c0c293fcd68f2c,10.0,5.0,12,60,224,1,positive,train,data/processed/clips/b2d8cb55fba72289.npz
f16b9a1732d67df0,51c0c293fcd68f2c,12.0,5.0,12,60,224,1,positive,train,data/processed/clips/f16b9a1732d67df0.npz
09ad126addc705c1,298d1acecad06238,0.0,5.0,12,60,224,1,positive,val,data/processed/clips/09ad126addc705c1.npz
180f9e65e62409a3,298d1acecad06238,2.0,5.0,12,60,224,1,positive,val,data/processed/clips/180f9e65e62409a3.npz
e3b251df764873ef,0633c5a3ecb4d2f6,0.0,5.0,12,60,224,1,positive,train,data/processed/clips/e3b251df764873ef.npz
7fe630a459cb3e8e,0633c5a3ecb4d2f6,2.0,5.0,12,60,224,1,positive,train,data/processed/clips/7fe630a459cb3e8e.npz
0371b6077b99b320,0633c5a3ecb4d2f6,4.0,5.0,12,60,224,1,positive,train,data/processed/clips/0371b6077b99b320.npz
87719cd4c80f75a5,efc8f6cb79ad7cb5,0.0,5.0,12,60,224,1,positive,test,data/processed/clips/87719cd4c80f75a5.npz
5b78b21841ed6292,efc8f6cb79ad7cb5,2.0,5.0,12,60,224,1,positive,test,data/processed/clips/5b78b21841ed6292.npz
43c4ad66002e21f9,86a4b46b390f97c8,0.0,5.0,12,60,224,1,positive,train,data/processed/clips/43c4ad66002e21f9.npz
7761894000fb3901,86a4b46b390f97c8,2.0,5.0,12,60,224,1,positive,train,data/processed/clips/7761894000fb3901.npz
1011374b9d7325b8,86a4b46b390f97c8,4.0,5.0,12,60,224,1,positive,train,data/processed/clips/1011374b9d7325b8.npz
5ce81003cfc9a47e,86a4b46b390f97c8,6.0,5.0,12,60,224,1,positive,train,data/processed/clips/5ce81003cfc9a47e.npz
5876825a81af4205,86a4b46b390f97c8,8.0,5.0,12,60,224,1,positive,train,data/processed/clips/5876825a81af4205.npz
68d2b271db28bfb4,cba5ec648eac4951,0.0,5.0,12,60,224,1,positive,train,data/processed/clips/68d2b271db28bfb4.npz
907cf206237952a6,cba5ec648eac4951,2.0,5.0,12,60,224,1,positive,train,data/processed/clips/907cf206237952a6.npz
0a3a521913031eae,cba5ec648eac4951,4.0,5.0,12,60,224,1,positive,train,data/processed/clips/0a3a521913031eae.npz
295b4c4ff710acf0,cba5ec648eac4951,6.0,5.0,12,60,224,1,positive,train,data/processed/clips/295b4c4ff710acf0.npz
5b63457e36eda60b,28242648418eb055,0.0,5.0,12,60,224,1,positive,train,data/processed/clips/5b63457e36eda60b.npz
056ef91f48fcbe1f,28242648418eb055,2.0,5.0,12,60,224,1,positive,train,data/processed/clips/056ef91f48fcbe1f.npz
01145eb977513270,28242648418eb055,4.0,5.0,12,60,224,1,positive,train,data/processed/clips/01145eb977513270.npz
7a11b704c2426d3f,07c294128debd413,0.0,5.0,12,60,224,1,positive,train,data/processed/clips/7a11b704c2426d3f.npz
f0ccb86171467855,5ea4967e71c626b9,0.0,5.0,12,60,224,1,positive,train,data/processed/clips/f0ccb86171467855.npz
4a12074da15fafdf,5ea4967e71c626b9,2.0,5.0,12,60,224,1,positive,train,data/processed/clips/4a12074da15fafdf.npz
2f87ebc68f81433f,5ea4967e71c626b9,4.0,5.0,12,60,224,1,positive,train,data/processed/clips/2f87ebc68f81433f.npz
0e5135d0d66845c1,5ea4967e71c626b9,6.0,5.0,12,60,224,1,positive,train,data/processed/clips/0e5135d0d66845c1.npz
817cf03e099e8542,5ea4967e71c626b9,8.0,5.0,12,60,224,1,positive,train,data/processed/clips/817cf03e099e8542.npz
7671546126bf2b18,4c07b1e8a6df3476,0.0,5.0,12,60,224,1,positive,train,data/processed/clips/7671546126bf2b18.npz
2f117dc567762cd9,4c07b1e8a6df3476,2.0,5.0,12,60,224,1,positive,train,data/processed/clips/2f117dc567762cd9.npz
ddc699ffba2a2479,4c07b1e8a6df3476,4.0,5.0,12,60,224,1,positive,train,data/processed/clips/ddc699ffba2a2479.npz
eedf56919185a4f8,4c07b1e8a6df3476,6.0,5.0,12,60,224,1,positive,train,data/processed/clips/eedf56919185a4f8.npz
95f0cdf4a2bc6a93,4c07b1e8a6df3476,8.0,5.0,12,60,224,1,positive,train,data/processed/clips/95f0cdf4a2bc6a93.npz
2d48786821872fc4,4feb44f233b710da,0.0,5.0,12,60,224,1,positive,train,data/processed/clips/2d48786821872fc4.npz
caca03eabfc0499b,4feb44f233b710da,2.0,5.0,12,60,224,1,positive,train,data/processed/clips/caca03eabfc0499b.npz
cebf54ababde5208,4feb44f233b710da,4.0,5.0,12,60,224,1,positive,train,data/processed/clips/cebf54ababde5208.npz
eb275dd8ebbe9c74,4feb44f233b710da,6.0,5.0,12,60,224,1,positive,train,data/processed/clips/eb275dd8ebbe9c74.npz
0847a183d166618c,4feb44f233b710da,8.0,5.0,12,60,224,1,positive,train,data/processed/clips/0847a183d166618c.npz
27dc85127f2e5ede,4feb44f233b710da,10.0,5.0,12,60,224,1,positive,train,data/processed/clips/27dc85127f2e5ede.npz
8ee0b8883b904f40,4feb44f233b710da,12.0,5.0,12,60,224,1,positive,train,data/processed/clips/8ee0b8883b904f40.npz
90d78f6f453d3610,4feb44f233b710da,14.0,5.0,12,60,224,1,positive,train,data/processed/clips/90d78f6f453d3610.npz
4c1b7d4db7e436cd,4feb44f233b710da,16.0,5.0,12,60,224,1,positive,train,data/processed/clips/4c1b7d4db7e436cd.npz
8e399b8984c1f4f3,4feb44f233b710da,18.0,5.0,12,60,224,1,positive,train,data/processed/clips/8e399b8984c1f4f3.npz
5924f33d789ea194,850244de7dba7eef,0.0,5.0,12,60,224,1,positive,val,data/processed/clips/5924f33d789ea194.npz
dae1693ef1d564dd,850244de7dba7eef,2.0,5.0,12,60,224,1,positive,val,data/processed/clips/dae1693ef1d564dd.npz
4688defddc77fecd,6f33f98b19006f8c,0.0,5.0,12,60,224,1,positive,test,data/processed/clips/4688defddc77fecd.npz
f9c9a37539c8e1b4,6f33f98b19006f8c,2.0,5.0,12,60,224,1,positive,test,data/processed/clips/f9c9a37539c8e1b4.npz
0aed1c3f10df0a30,6f33f98b19006f8c,4.0,5.0,12,60,224,1,positive,test,data/processed/clips/0aed1c3f10df0a30.npz
f54bba0f006978ab,6f33f98b19006f8c,6.0,5.0,12,60,224,1,positive,test,data/processed/clips/f54bba0f006978ab.npz
95cb6a5f7a748e39,6f33f98b19006f8c,8.0,5.0,12,60,224,1,positive,test,data/processed/clips/95cb6a5f7a748e39.npz
e0c5909d79888eb4,8b744d906ebebd01,0.0,5.0,12,60,224,1,positive,test,data/processed/clips/e0c5909d79888eb4.npz
6cff5c7f40ae94c4,5bb11c307a5d915e,0.0,5.0,12,60,224,1,positive,val,data/processed/clips/6cff5c7f40ae94c4.npz
3b3909a17d41b9d3,c15aa55a608731a9,0.0,5.0,12,60,224,1,positive,train,data/processed/clips/3b3909a17d41b9d3.npz
b7784321d34bc1b3,9f57faf4b7db34b7,0.0,5.0,12,60,224,1,positive,train,data/processed/clips/b7784321d34bc1b3.npz
e88f272fea6f1acd,eed082c0af45b4d7,0.0,5.0,12,60,224,1,positive,train,data/processed/clips/e88f272fea6f1acd.npz
e2fcd2ba9d66c498,74969e37b4c3ee3e,0.0,5.0,12,60,224,1,positive,train,data/processed/clips/e2fcd2ba9d66c498.npz
880785c410aac479,bacc413e543c1e6e,0.0,5.0,12,60,224,1,positive,train,data/processed/clips/880785c410aac479.npz
9051683850583005,fd4b337a58f1c74e,0.0,5.0,12,60,224,1,positive,train,data/processed/clips/9051683850583005.npz
d58e6bad67bfda81,fd4b337a58f1c74e,2.0,5.0,12,60,224,1,positive,train,data/processed/clips/d58e6bad67bfda81.npz
2b03222fee59b784,d53d9ff12b00147d,0.0,5.0,12,60,224,1,positive,train,data/processed/clips/2b03222fee59b784.npz
84db80e4c10b8aa0,15160410c6b3a80e,0.0,5.0,12,60,224,1,positive,train,data/processed/clips/84db80e4c10b8aa0.npz
5d60b3fbbef3d62a,15160410c6b3a80e,2.0,5.0,12,60,224,1,positive,train,data/processed/clips/5d60b3fbbef3d62a.npz
bd4b43e2e2ed94dc,15160410c6b3a80e,4.0,5.0,12,60,224,1,positive,train,data/processed/clips/bd4b43e2e2ed94dc.npz
9d64d42bd4af4186,15160410c6b3a80e,6.0,5.0,12,60,224,1,positive,train,data/processed/clips/9d64d42bd4af4186.npz
507ef1361e9f9542,15160410c6b3a80e,8.0,5.0,12,60,224,1,positive,train,data/processed/clips/507ef1361e9f9542.npz
876ebe90b535f5f4,15160410c6b3a80e,10.0,5.0,12,60,224,1,positive,train,data/processed/clips/876ebe90b535f5f4.npz
4a2367a3c32eabb6,15160410c6b3a80e,12.0,5.0,12,60,224,1,positive,train,data/processed/clips/4a2367a3c32eabb6.npz
7f9d3c1f9693aaab,15160410c6b3a80e,14.0,5.0,12,60,224,1,positive,train,data/processed/clips/7f9d3c1f9693aaab.npz
a9f35ae79e7c71ea,15160410c6b3a80e,16.0,5.0,12,60,224,1,positive,train,data/processed/clips/a9f35ae79e7c71ea.npz
c3766e71f59e20d4,15160410c6b3a80e,18.0,5.0,12,60,224,1,positive,train,data/processed/clips/c3766e71f59e20d4.npz
d6201631a0cba7ba,15160410c6b3a80e,20.0,5.0,12,60,224,1,positive,train,data/processed/clips/d6201631a0cba7ba.npz
7150284063d2d3c8,15160410c6b3a80e,22.0,5.0,12,60,224,1,positive,train,data/processed/clips/7150284063d2d3c8.npz
d508fe89a3c9ba0b,15160410c6b3a80e,24.0,5.0,12,60,224,1,positive,train,data/processed/clips/d508fe89a3c9ba0b.npz
a6ac004f8bbb4d37,15160410c6b3a80e,26.0,5.0,12,60,224,1,positive,train,data/processed/clips/a6ac004f8bbb4d37.npz
8c871704c369f0d3,15160410c6b3a80e,28.0,5.0,12,60,224,1,positive,train,data/processed/clips/8c871704c369f0d3.npz
36e06a94e9e5f9a2,15160410c6b3a80e,30.0,5.0,12,60,224,1,positive,train,data/processed/clips/36e06a94e9e5f9a2.npz
538d074b4c444083,442182fa5ee6ea53,0.0,5.0,12,60,224,1,positive,train,data/processed/clips/538d074b4c444083.npz
fdc64ae6f42d269b,7a493e01926bad67,0.0,5.0,12,60,224,1,positive,train,data/processed/clips/fdc64ae6f42d269b.npz
60ae532559fd9db5,7a493e01926bad67,2.0,5.0,12,60,224,1,positive,train,data/processed/clips/60ae532559fd9db5.npz
e3ef78fcdf831cc7,7a493e01926bad67,4.0,5.0,12,60,224,1,positive,train,data/processed/clips/e3ef78fcdf831cc7.npz
da4f731322556475,7a493e01926bad67,6.0,5.0,12,60,224,1,positive,train,data/processed/clips/da4f731322556475.npz
c0cbe147f7c3a493,1ad33070640b7d04,0.0,5.0,12,60,224,1,positive,test,data/processed/clips/c0cbe147f7c3a493.npz
031ed0c9e5d5dab3,1ad33070640b7d04,2.0,5.0,12,60,224,1,positive,test,data/processed/clips/031ed0c9e5d5dab3.npz
6aa1c6ae63507e76,1ad33070640b7d04,4.0,5.0,12,60,224,1,positive,test,data/processed/clips/6aa1c6ae63507e76.npz
827cac67685ee82a,1ad33070640b7d04,6.0,5.0,12,60,224,1,positive,test,data/processed/clips/827cac67685ee82a.npz
cdebc57731fc3ba7,bae42ff86c2af7ec,0.0,5.0,12,60,224,1,positive,train,data/processed/clips/cdebc57731fc3ba7.npz
a17069dae720e4af,bae42ff86c2af7ec,2.0,5.0,12,60,224,1,positive,train,data/processed/clips/a17069dae720e4af.npz
fec708f6810d32c7,bae42ff86c2af7ec,4.0,5.0,12,60,224,1,positive,train,data/processed/clips/fec708f6810d32c7.npz
37ccf9867cfc187d,bae42ff86c2af7ec,6.0,5.0,12,60,224,1,positive,train,data/processed/clips/37ccf9867cfc187d.npz
3185407abb8d5b2e,35f3b2d479e71fde,0.0,5.0,12,60,224,1,positive,val,data/processed/clips/3185407abb8d5b2e.npz
a0d0adc453114151,da483e14d66c610f,0.0,5.0,12,60,224,1,positive,train,data/processed/clips/a0d0adc453114151.npz
a26b776b2327031d,da483e14d66c610f,2.0,5.0,12,60,224,1,positive,train,data/processed/clips/a26b776b2327031d.npz
bdc560fe0a41ad17,da483e14d66c610f,4.0,5.0,12,60,224,1,positive,train,data/processed/clips/bdc560fe0a41ad17.npz
22b8f366b098ea6a,0c8b636fa57a0acb,0.0,5.0,12,60,224,1,positive,test,data/processed/clips/22b8f366b098ea6a.npz
0309526aabab6cad,0c8b636fa57a0acb,2.0,5.0,12,60,224,1,positive,test,data/processed/clips/0309526aabab6cad.npz
8e4ced4516b58927,0c8b636fa57a0acb,4.0,5.0,12,60,224,1,positive,test,data/processed/clips/8e4ced4516b58927.npz
436e0ae6a7e93fad,0c8b636fa57a0acb,6.0,5.0,12,60,224,1,positive,test,data/processed/clips/436e0ae6a7e93fad.npz
34ac6159951afbc2,b0cbb55a7c8e4492,0.0,5.0,12,60,224,1,positive,train,data/processed/clips/34ac6159951afbc2.npz
d477e427e8613f4f,b0cbb55a7c8e4492,2.0,5.0,12,60,224,1,positive,train,data/processed/clips/d477e427e8613f4f.npz
08ccf43f24c9a313,b0cbb55a7c8e4492,4.0,5.0,12,60,224,1,positive,train,data/processed/clips/08ccf43f24c9a313.npz
badea372a4a16853,b0cbb55a7c8e4492,6.0,5.0,12,60,224,1,positive,train,data/processed/clips/badea372a4a16853.npz
ed9cdc2de69977e2,64737b3bd311f23c,0.0,5.0,12,60,224,1,positive,train,data/processed/clips/ed9cdc2de69977e2.npz
4fb6e61ea28be8bd,64737b3bd311f23c,2.0,5.0,12,60,224,1,positive,train,data/processed/clips/4fb6e61ea28be8bd.npz
8b190173b4118b4e,64737b3bd311f23c,4.0,5.0,12,60,224,1,positive,train,data/processed/clips/8b190173b4118b4e.npz
3c47dd311dd5b2e3,64737b3bd311f23c,6.0,5.0,12,60,224,1,positive,train,data/processed/clips/3c47dd311dd5b2e3.npz
11fe3dd633f4de87,bd47fdfd5ff516b0,0.0,5.0,12,60,224,1,positive,train,data/processed/clips/11fe3dd633f4de87.npz
a6768f44bf152d2d,bd47fdfd5ff516b0,2.0,5.0,12,60,224,1,positive,train,data/processed/clips/a6768f44bf152d2d.npz
073ec10eecd958e3,bd47fdfd5ff516b0,4.0,5.0,12,60,224,1,positive,train,data/processed/clips/073ec10eecd958e3.npz
9689d46a3eaba209,bd47fdfd5ff516b0,6.0,5.0,12,60,224,1,positive,train,data/processed/clips/9689d46a3eaba209.npz
defbf632e8453bec,bd47fdfd5ff516b0,8.0,5.0,12,60,224,1,positive,train,data/processed/clips/defbf632e8453bec.npz
9d07a3150ba2d2f2,bd47fdfd5ff516b0,10.0,5.0,12,60,224,1,positive,train,data/processed/clips/9d07a3150ba2d2f2.npz
c2e984b590e1d900,f31145d348cb4d74,0.0,5.0,12,60,224,1,positive,train,data/processed/clips/c2e984b590e1d900.npz
65cc6d37e83bc61a,f31145d348cb4d74,2.0,5.0,12,60,224,1,positive,train,data/processed/clips/65cc6d37e83bc61a.npz
91bfac976cdf4e70,f31145d348cb4d74,4.0,5.0,12,60,224,1,positive,train,data/processed/clips/91bfac976cdf4e70.npz
3bd67f5bdf29ab97,f31145d348cb4d74,6.0,5.0,12,60,224,1,positive,train,data/processed/clips/3bd67f5bdf29ab97.npz
db22aaab2e495e9c,ab0690fd180191da,0.0,5.0,12,60,224,1,positive,train,data/processed/clips/db22aaab2e495e9c.npz
fa73a9d3a630a2f6,ab0690fd180191da,2.0,5.0,12,60,224,1,positive,train,data/processed/clips/fa73a9d3a630a2f6.npz
00baae4cbfa3359e,ab0690fd180191da,4.0,5.0,12,60,224,1,positive,train,data/processed/clips/00baae4cbfa3359e.npz
c32f09d3ca2a0e2b,ab0690fd180191da,6.0,5.0,12,60,224,1,positive,train,data/processed/clips/c32f09d3ca2a0e2b.npz
5220eb59ff857732,da4834b07bf3d420,0.0,5.0,12,60,224,1,positive,val,data/processed/clips/5220eb59ff857732.npz
24e002a4b99a4211,da4834b07bf3d420,2.0,5.0,12,60,224,1,positive,val,data/processed/clips/24e002a4b99a4211.npz
1649e64a66b15c9c,da4834b07bf3d420,4.0,5.0,12,60,224,1,positive,val,data/processed/clips/1649e64a66b15c9c.npz
ed6f4e9732d4b8e8,da4834b07bf3d420,6.0,5.0,12,60,224,1,positive,val,data/processed/clips/ed6f4e9732d4b8e8.npz
e2f9f97c2146bb30,da4834b07bf3d420,8.0,5.0,12,60,224,1,positive,val,data/processed/clips/e2f9f97c2146bb30.npz
b33d4634596d54ff,da4834b07bf3d420,10.0,5.0,12,60,224,1,positive,val,data/processed/clips/b33d4634596d54ff.npz
8c0d40d1a441e958,da4834b07bf3d420,12.0,5.0,12,60,224,1,positive,val,data/processed/clips/8c0d40d1a441e958.npz
46ef34c8028cd75c,5d32ca438568678f,0.0,5.0,12,60,224,1,positive,train,data/processed/clips/46ef34c8028cd75c.npz
62e091039a9aeec2,5d32ca438568678f,2.0,5.0,12,60,224,1,positive,train,data/processed/clips/62e091039a9aeec2.npz
05979e3c58150211,072b507ebbe65b74,0.0,5.0,12,60,224,1,positive,train,data/processed/clips/05979e3c58150211.npz
0451c287217f9803,072b507ebbe65b74,2.0,5.0,12,60,224,1,positive,train,data/processed/clips/0451c287217f9803.npz
cd57751910dcd965,e3636d0664a25104,0.0,5.0,12,60,224,1,rash,train,data/processed/clips/cd57751910dcd965.npz
87a43d965a8703bb,e3636d0664a25104,2.0,5.0,12,60,224,1,rash,train,data/processed/clips/87a43d965a8703bb.npz
abde5850c2534bd2,e3636d0664a25104,4.0,5.0,12,60,224,1,rash,train,data/processed/clips/abde5850c2534bd2.npz
b3b7be3ec876f000,e3636d0664a25104,6.0,5.0,12,60,224,1,rash,train,data/processed/clips/b3b7be3ec876f000.npz
bd7ae75c3b60cff3,e3636d0664a25104,8.0,5.0,12,60,224,1,rash,train,data/processed/clips/bd7ae75c3b60cff3.npz
44aec803e84c0763,e3636d0664a25104,10.0,5.0,12,60,224,1,rash,train,data/processed/clips/44aec803e84c0763.npz
68d9c2faf6e42e34,e3636d0664a25104,12.0,5.0,12,60,224,1,rash,train,data/processed/clips/68d9c2faf6e42e34.npz
6e48ddee45702e0c,e3636d0664a25104,14.0,5.0,12,60,224,1,rash,train,data/processed/clips/6e48ddee45702e0c.npz
4982a5e788bb5333,e3636d0664a25104,16.0,5.0,12,60,224,1,rash,train,data/processed/clips/4982a5e788bb5333.npz
6a11133a50a26eb7,e3636d0664a25104,18.0,5.0,12,60,224,1,rash,train,data/processed/clips/6a11133a50a26eb7.npz
9ca9b64461ef601c,e3636d0664a25104,20.0,5.0,12,60,224,1,rash,train,data/processed/clips/9ca9b64461ef601c.npz
8f62fee620609385,e3636d0664a25104,22.0,5.0,12,60,224,1,rash,train,data/processed/clips/8f62fee620609385.npz
d466731b23159aa9,e3636d0664a25104,24.0,5.0,12,60,224,1,rash,train,data/processed/clips/d466731b23159aa9.npz
fb6cc193fa761626,e3636d0664a25104,26.0,5.0,12,60,224,1,rash,train,data/processed/clips/fb6cc193fa761626.npz
513caf19716d8ca6,e3636d0664a25104,28.0,5.0,12,60,224,1,rash,train,data/processed/clips/513caf19716d8ca6.npz
5f54131963f8da2d,e3636d0664a25104,30.0,5.0,12,60,224,1,rash,train,data/processed/clips/5f54131963f8da2d.npz
7e3c1e569a351b1e,e3636d0664a25104,32.0,5.0,12,60,224,1,rash,train,data/processed/clips/7e3c1e569a351b1e.npz
0733f4a298fc75a9,e3636d0664a25104,34.0,5.0,12,60,224,1,rash,train,data/processed/clips/0733f4a298fc75a9.npz
6697191956c06dff,e3636d0664a25104,36.0,5.0,12,60,224,1,rash,train,data/processed/clips/6697191956c06dff.npz
111d2831aba12907,e3636d0664a25104,38.0,5.0,12,60,224,1,rash,train,data/processed/clips/111d2831aba12907.npz
52388eb958547a5e,e3636d0664a25104,40.0,5.0,12,60,224,1,rash,train,data/processed/clips/52388eb958547a5e.npz
34a1458a81df3681,e3636d0664a25104,42.0,5.0,12,60,224,1,rash,train,data/processed/clips/34a1458a81df3681.npz
255e0f2876f24dff,e3636d0664a25104,44.0,5.0,12,60,224,1,rash,train,data/processed/clips/255e0f2876f24dff.npz
b25546934c97d351,e3636d0664a25104,46.0,5.0,12,60,224,1,rash,train,data/processed/clips/b25546934c97d351.npz
308f1f79cc676075,e3636d0664a25104,48.0,5.0,12,60,224,1,rash,train,data/processed/clips/308f1f79cc676075.npz
10d933e20adea2f0,e3636d0664a25104,50.0,5.0,12,60,224,1,rash,train,data/processed/clips/10d933e20adea2f0.npz
948c9ca3b2e62e35,e3636d0664a25104,52.0,5.0,12,60,224,1,rash,train,data/processed/clips/948c9ca3b2e62e35.npz
4709adcade14d2d3,e3636d0664a25104,54.0,5.0,12,60,224,1,rash,train,data/processed/clips/4709adcade14d2d3.npz
e550a63e176ea541,e3636d0664a25104,56.0,5.0,12,60,224,1,rash,train,data/processed/clips/e550a63e176ea541.npz
acc68d24c26de995,e3636d0664a25104,58.0,5.0,12,60,224,1,rash,train,data/processed/clips/acc68d24c26de995.npz
9cdf1f50b5a98466,e3636d0664a25104,60.0,5.0,12,60,224,1,rash,train,data/processed/clips/9cdf1f50b5a98466.npz
c1a541287bbc6ddc,e3636d0664a25104,62.0,5.0,12,60,224,1,rash,train,data/processed/clips/c1a541287bbc6ddc.npz
ee25f13fbeedf898,e3636d0664a25104,64.0,5.0,12,60,224,1,rash,train,data/processed/clips/ee25f13fbeedf898.npz
3217280d80122c20,e3636d0664a25104,66.0,5.0,12,60,224,1,rash,train,data/processed/clips/3217280d80122c20.npz
d28dac00a1881d09,f08f1d2d30bf470e,0.0,5.0,12,60,224,1,rash,train,data/processed/clips/d28dac00a1881d09.npz
0c88b9b430405645,f08f1d2d30bf470e,2.0,5.0,12,60,224,1,rash,train,data/processed/clips/0c88b9b430405645.npz
3e46f4c6fa43c94a,f08f1d2d30bf470e,4.0,5.0,12,60,224,1,rash,train,data/processed/clips/3e46f4c6fa43c94a.npz
f9d4e3d2e7d05ed5,f08f1d2d30bf470e,6.0,5.0,12,60,224,1,rash,train,data/processed/clips/f9d4e3d2e7d05ed5.npz
f27b55d18c55b841,f08f1d2d30bf470e,8.0,5.0,12,60,224,1,rash,train,data/processed/clips/f27b55d18c55b841.npz
4fb5fa6db45d82b3,f08f1d2d30bf470e,10.0,5.0,12,60,224,1,rash,train,data/processed/clips/4fb5fa6db45d82b3.npz
b5ce32cda37971cf,f08f1d2d30bf470e,12.0,5.0,12,60,224,1,rash,train,data/processed/clips/b5ce32cda37971cf.npz
78bc67ccc8553ed8,f08f1d2d30bf470e,14.0,5.0,12,60,224,1,rash,train,data/processed/clips/78bc67ccc8553ed8.npz
1fcdd13c29b64b5f,f08f1d2d30bf470e,16.0,5.0,12,60,224,1,rash,train,data/processed/clips/1fcdd13c29b64b5f.npz
464c34dabe6f7590,f08f1d2d30bf470e,18.0,5.0,12,60,224,1,rash,train,data/processed/clips/464c34dabe6f7590.npz
a07a3bd4abb97b53,f08f1d2d30bf470e,20.0,5.0,12,60,224,1,rash,train,data/processed/clips/a07a3bd4abb97b53.npz
da20d69f0c1a7ed6,f08f1d2d30bf470e,22.0,5.0,12,60,224,1,rash,train,data/processed/clips/da20d69f0c1a7ed6.npz
1fe689cd3c962a5d,f08f1d2d30bf470e,24.0,5.0,12,60,224,1,rash,train,data/processed/clips/1fe689cd3c962a5d.npz
3673fdc4b49cb7d0,f08f1d2d30bf470e,26.0,5.0,12,60,224,1,rash,train,data/processed/clips/3673fdc4b49cb7d0.npz
91feacea6f279f7c,f08f1d2d30bf470e,28.0,5.0,12,60,224,1,rash,train,data/processed/clips/91feacea6f279f7c.npz
2559fded187afb5f,f08f1d2d30bf470e,30.0,5.0,12,60,224,1,rash,train,data/processed/clips/2559fded187afb5f.npz
e6b2670830827737,f08f1d2d30bf470e,32.0,5.0,12,60,224,1,rash,train,data/processed/clips/e6b2670830827737.npz
a704805ab6468c2a,f08f1d2d30bf470e,34.0,5.0,12,60,224,1,rash,train,data/processed/clips/a704805ab6468c2a.npz
23b9e876c024470f,480639eb28528e1d,0.0,5.0,12,60,224,1,rash,train,data/processed/clips/23b9e876c024470f.npz
a25fba87d8ece8a1,480639eb28528e1d,2.0,5.0,12,60,224,1,rash,train,data/processed/clips/a25fba87d8ece8a1.npz
10543d492ec6b731,480639eb28528e1d,4.0,5.0,12,60,224,1,rash,train,data/processed/clips/10543d492ec6b731.npz
eace87e0af820722,480639eb28528e1d,6.0,5.0,12,60,224,1,rash,train,data/processed/clips/eace87e0af820722.npz
f43b8e0db33878fc,480639eb28528e1d,8.0,5.0,12,60,224,1,rash,train,data/processed/clips/f43b8e0db33878fc.npz
44ad2c2ac93c3506,480639eb28528e1d,10.0,5.0,12,60,224,1,rash,train,data/processed/clips/44ad2c2ac93c3506.npz
62fe15fa90b73aa0,480639eb28528e1d,12.0,5.0,12,60,224,1,rash,train,data/processed/clips/62fe15fa90b73aa0.npz
428839651b37a58d,480639eb28528e1d,14.0,5.0,12,60,224,1,rash,train,data/processed/clips/428839651b37a58d.npz
2fd62f0317322f2f,480639eb28528e1d,16.0,5.0,12,60,224,1,rash,train,data/processed/clips/2fd62f0317322f2f.npz
60886b38e772a5e6,480639eb28528e1d,18.0,5.0,12,60,224,1,rash,train,data/processed/clips/60886b38e772a5e6.npz
54db1503e116fade,480639eb28528e1d,20.0,5.0,12,60,224,1,rash,train,data/processed/clips/54db1503e116fade.npz
239ab72d562e7426,480639eb28528e1d,22.0,5.0,12,60,224,1,rash,train,data/processed/clips/239ab72d562e7426.npz
1d80a48c4c449970,480639eb28528e1d,24.0,5.0,12,60,224,1,rash,train,data/processed/clips/1d80a48c4c449970.npz
6cce52d56867fa15,480639eb28528e1d,26.0,5.0,12,60,224,1,rash,train,data/processed/clips/6cce52d56867fa15.npz
d8bf975426024e8d,480639eb28528e1d,28.0,5.0,12,60,224,1,rash,train,data/processed/clips/d8bf975426024e8d.npz
4cddc8f10360e810,480639eb28528e1d,30.0,5.0,12,60,224,1,rash,train,data/processed/clips/4cddc8f10360e810.npz
f5d1f82f31d53925,480639eb28528e1d,32.0,5.0,12,60,224,1,rash,train,data/processed/clips/f5d1f82f31d53925.npz
41babd26bad600f1,480639eb28528e1d,34.0,5.0,12,60,224,1,rash,train,data/processed/clips/41babd26bad600f1.npz
b1d202c0a3a0dc92,480639eb28528e1d,36.0,5.0,12,60,224,1,rash,train,data/processed/clips/b1d202c0a3a0dc92.npz
693d255cae952182,480639eb28528e1d,38.0,5.0,12,60,224,1,rash,train,data/processed/clips/693d255cae952182.npz
2cd12b1b4fdc1c4f,480639eb28528e1d,40.0,5.0,12,60,224,1,rash,train,data/processed/clips/2cd12b1b4fdc1c4f.npz
4ed092c368d6b681,480639eb28528e1d,42.0,5.0,12,60,224,1,rash,train,data/processed/clips/4ed092c368d6b681.npz
25f859c1f52e58cd,480639eb28528e1d,44.0,5.0,12,60,224,1,rash,train,data/processed/clips/25f859c1f52e58cd.npz
8ec945788d2f7123,480639eb28528e1d,46.0,5.0,12,60,224,1,rash,train,data/processed/clips/8ec945788d2f7123.npz
69fcaa7c72d1b6f8,480639eb28528e1d,48.0,5.0,12,60,224,1,rash,train,data/processed/clips/69fcaa7c72d1b6f8.npz
b67a76007825dc41,480639eb28528e1d,50.0,5.0,12,60,224,1,rash,train,data/processed/clips/b67a76007825dc41.npz
6c5042ac1d067282,480639eb28528e1d,52.0,5.0,12,60,224,1,rash,train,data/processed/clips/6c5042ac1d067282.npz
0ca54770e36a59f5,480639eb28528e1d,54.0,5.0,12,60,224,1,rash,train,data/processed/clips/0ca54770e36a59f5.npz
c028271f4bf005c9,480639eb28528e1d,56.0,5.0,12,60,224,1,rash,train,data/processed/clips/c028271f4bf005c9.npz
fc06c20ac56d9a97,480639eb28528e1d,58.0,5.0,12,60,224,1,rash,train,data/processed/clips/fc06c20ac56d9a97.npz
a73858c2755c7946,480639eb28528e1d,60.0,5.0,12,60,224,1,rash,train,data/processed/clips/a73858c2755c7946.npz
aa1a610e93a6360f,480639eb28528e1d,62.0,5.0,12,60,224,1,rash,train,data/processed/clips/aa1a610e93a6360f.npz
02492bd4d569cb1a,480639eb28528e1d,64.0,5.0,12,60,224,1,rash,train,data/processed/clips/02492bd4d569cb1a.npz
19e75efdb20e0a14,480639eb28528e1d,66.0,5.0,12,60,224,1,rash,train,data/processed/clips/19e75efdb20e0a14.npz
c4a3564ec9dde59b,480639eb28528e1d,68.0,5.0,12,60,224,1,rash,train,data/processed/clips/c4a3564ec9dde59b.npz
e9e51d1a2ac0396e,480639eb28528e1d,70.0,5.0,12,60,224,1,rash,train,data/processed/clips/e9e51d1a2ac0396e.npz
432afebd265f61b1,480639eb28528e1d,72.0,5.0,12,60,224,1,rash,train,data/processed/clips/432afebd265f61b1.npz
964ae8528365ac73,480639eb28528e1d,74.0,5.0,12,60,224,1,rash,train,data/processed/clips/964ae8528365ac73.npz
1119af8dc318075b,480639eb28528e1d,76.0,5.0,12,60,224,1,rash,train,data/processed/clips/1119af8dc318075b.npz
33e88ba243d36395,480639eb28528e1d,78.0,5.0,12,60,224,1,rash,train,data/processed/clips/33e88ba243d36395.npz
ee0980cf443dfd7a,480639eb28528e1d,80.0,5.0,12,60,224,1,rash,train,data/processed/clips/ee0980cf443dfd7a.npz
6e4d79bdb9d783d1,480639eb28528e1d,82.0,5.0,12,60,224,1,rash,train,data/processed/clips/6e4d79bdb9d783d1.npz
58ce317d894c61b4,480639eb28528e1d,84.0,5.0,12,60,224,1,rash,train,data/processed/clips/58ce317d894c61b4.npz
a27067657455aa50,480639eb28528e1d,86.0,5.0,12,60,224,1,rash,train,data/processed/clips/a27067657455aa50.npz
ba470009e2d3e909,480639eb28528e1d,88.0,5.0,12,60,224,1,rash,train,data/processed/clips/ba470009e2d3e909.npz
7e2b53ab5a610aec,480639eb28528e1d,90.0,5.0,12,60,224,1,rash,train,data/processed/clips/7e2b53ab5a610aec.npz
b016c31bec54dd37,480639eb28528e1d,92.0,5.0,12,60,224,1,rash,train,data/processed/clips/b016c31bec54dd37.npz
16b0fa552697215c,480639eb28528e1d,94.0,5.0,12,60,224,1,rash,train,data/processed/clips/16b0fa552697215c.npz
41d801f020ded701,480639eb28528e1d,96.0,5.0,12,60,224,1,rash,train,data/processed/clips/41d801f020ded701.npz
becfbcf48690bf4d,480639eb28528e1d,98.0,5.0,12,60,224,1,rash,train,data/processed/clips/becfbcf48690bf4d.npz
291f57772ac4f3bf,480639eb28528e1d,100.0,5.0,12,60,224,1,rash,train,data/processed/clips/291f57772ac4f3bf.npz
4acadd3ec2e28638,480639eb28528e1d,102.0,5.0,12,60,224,1,rash,train,data/processed/clips/4acadd3ec2e28638.npz
835c204c3ba934d0,480639eb28528e1d,104.0,5.0,12,60,224,1,rash,train,data/processed/clips/835c204c3ba934d0.npz
844d815d60dbcdaa,480639eb28528e1d,106.0,5.0,12,60,224,1,rash,train,data/processed/clips/844d815d60dbcdaa.npz
31dc3b2f21d6c9b8,480639eb28528e1d,108.0,5.0,12,60,224,1,rash,train,data/processed/clips/31dc3b2f21d6c9b8.npz
455d3144dee106ed,480639eb28528e1d,110.0,5.0,12,60,224,1,rash,train,data/processed/clips/455d3144dee106ed.npz
d132127c45de57bc,480639eb28528e1d,112.0,5.0,12,60,224,1,rash,train,data/processed/clips/d132127c45de57bc.npz
b5ffa7653f239209,480639eb28528e1d,114.0,5.0,12,60,224,1,rash,train,data/processed/clips/b5ffa7653f239209.npz
a9811e5234361572,480639eb28528e1d,116.0,5.0,12,60,224,1,rash,train,data/processed/clips/a9811e5234361572.npz
c9ee9d0e4212bff1,480639eb28528e1d,118.0,5.0,12,60,224,1,rash,train,data/processed/clips/c9ee9d0e4212bff1.npz
85e08d2663564062,480639eb28528e1d,120.0,5.0,12,60,224,1,rash,train,data/processed/clips/85e08d2663564062.npz
ee891bca376f1e9f,480639eb28528e1d,122.0,5.0,12,60,224,1,rash,train,data/processed/clips/ee891bca376f1e9f.npz
25f36a8056305d26,480639eb28528e1d,124.0,5.0,12,60,224,1,rash,train,data/processed/clips/25f36a8056305d26.npz
fc743116ceb181d5,480639eb28528e1d,126.0,5.0,12,60,224,1,rash,train,data/processed/clips/fc743116ceb181d5.npz
d2c63450aba8e27e,480639eb28528e1d,128.0,5.0,12,60,224,1,rash,train,data/processed/clips/d2c63450aba8e27e.npz
6a83e98721c457df,480639eb28528e1d,130.0,5.0,12,60,224,1,rash,train,data/processed/clips/6a83e98721c457df.npz
6fc2019420d14abc,480639eb28528e1d,132.0,5.0,12,60,224,1,rash,train,data/processed/clips/6fc2019420d14abc.npz
9a8148a6700afae8,480639eb28528e1d,134.0,5.0,12,60,224,1,rash,train,data/processed/clips/9a8148a6700afae8.npz
85508f2673d823e5,480639eb28528e1d,136.0,5.0,12,60,224,1,rash,train,data/processed/clips/85508f2673d823e5.npz
2fb17ff7bc59f0b7,550cbff2045a68c9,0.0,5.0,12,60,224,1,rash,test,data/processed/clips/2fb17ff7bc59f0b7.npz
2029e8c318ab5e38,550cbff2045a68c9,2.0,5.0,12,60,224,1,rash,test,data/processed/clips/2029e8c318ab5e38.npz
9f846cc0f9c06b60,550cbff2045a68c9,4.0,5.0,12,60,224,1,rash,test,data/processed/clips/9f846cc0f9c06b60.npz
f7768a2d55688696,550cbff2045a68c9,6.0,5.0,12,60,224,1,rash,test,data/processed/clips/f7768a2d55688696.npz
1b29d142e3a0507b,550cbff2045a68c9,8.0,5.0,12,60,224,1,rash,test,data/processed/clips/1b29d142e3a0507b.npz
5105f0fbb05ec843,550cbff2045a68c9,10.0,5.0,12,60,224,1,rash,test,data/processed/clips/5105f0fbb05ec843.npz
66ad3cbd4fe06fc4,550cbff2045a68c9,12.0,5.0,12,60,224,1,rash,test,data/processed/clips/66ad3cbd4fe06fc4.npz
402c5e420c02b0d9,550cbff2045a68c9,14.0,5.0,12,60,224,1,rash,test,data/processed/clips/402c5e420c02b0d9.npz
f59e3ba205d560da,550cbff2045a68c9,16.0,5.0,12,60,224,1,rash,test,data/processed/clips/f59e3ba205d560da.npz
17f4e73471bea689,550cbff2045a68c9,18.0,5.0,12,60,224,1,rash,test,data/processed/clips/17f4e73471bea689.npz
a074883a58b2e99f,550cbff2045a68c9,20.0,5.0,12,60,224,1,rash,test,data/processed/clips/a074883a58b2e99f.npz
c242fd82d1dba275,550cbff2045a68c9,22.0,5.0,12,60,224,1,rash,test,data/processed/clips/c242fd82d1dba275.npz
e0a4c48177951d35,61ff4c2495a7dc36,0.0,5.0,12,60,224,1,rash,train,data/processed/clips/e0a4c48177951d35.npz
4b2155a30385f5a7,61ff4c2495a7dc36,2.0,5.0,12,60,224,1,rash,train,data/processed/clips/4b2155a30385f5a7.npz
47976d7683d3ab75,61ff4c2495a7dc36,4.0,5.0,12,60,224,1,rash,train,data/processed/clips/47976d7683d3ab75.npz
c97633fc8d94949d,61ff4c2495a7dc36,6.0,5.0,12,60,224,1,rash,train,data/processed/clips/c97633fc8d94949d.npz
9419e75d12339f26,61ff4c2495a7dc36,8.0,5.0,12,60,224,1,rash,train,data/processed/clips/9419e75d12339f26.npz
c4a1f5d7fadc39fc,61ff4c2495a7dc36,10.0,5.0,12,60,224,1,rash,train,data/processed/clips/c4a1f5d7fadc39fc.npz
1dd4fb175d998074,61ff4c2495a7dc36,12.0,5.0,12,60,224,1,rash,train,data/processed/clips/1dd4fb175d998074.npz
02e845ed7f793bb7,61ff4c2495a7dc36,14.0,5.0,12,60,224,1,rash,train,data/processed/clips/02e845ed7f793bb7.npz
134782bc84ac65ad,61ff4c2495a7dc36,16.0,5.0,12,60,224,1,rash,train,data/processed/clips/134782bc84ac65ad.npz
ace89b434503987d,61ff4c2495a7dc36,18.0,5.0,12,60,224,1,rash,train,data/processed/clips/ace89b434503987d.npz
c7d14f2b7ca4a572,61ff4c2495a7dc36,20.0,5.0,12,60,224,1,rash,train,data/processed/clips/c7d14f2b7ca4a572.npz
356fef468c7a544f,61ff4c2495a7dc36,22.0,5.0,12,60,224,1,rash,train,data/processed/clips/356fef468c7a544f.npz
9515c11c15cc87b2,61ff4c2495a7dc36,24.0,5.0,12,60,224,1,rash,train,data/processed/clips/9515c11c15cc87b2.npz
56b21d22e0807412,61ff4c2495a7dc36,26.0,5.0,12,60,224,1,rash,train,data/processed/clips/56b21d22e0807412.npz
3d6689594d6abed2,61ff4c2495a7dc36,28.0,5.0,12,60,224,1,rash,train,data/processed/clips/3d6689594d6abed2.npz
fa5e574f3533469d,61ff4c2495a7dc36,30.0,5.0,12,60,224,1,rash,train,data/processed/clips/fa5e574f3533469d.npz
089b9a62d61dcb74,61ff4c2495a7dc36,32.0,5.0,12,60,224,1,rash,train,data/processed/clips/089b9a62d61dcb74.npz
05ee0377775d99ac,61ff4c2495a7dc36,34.0,5.0,12,60,224,1,rash,train,data/processed/clips/05ee0377775d99ac.npz
84579c78031ccd38,f308a27083b20e11,0.0,5.0,12,60,224,1,rash,val,data/processed/clips/84579c78031ccd38.npz
f4b27e7373f8d3da,f308a27083b20e11,2.0,5.0,12,60,224,1,rash,val,data/processed/clips/f4b27e7373f8d3da.npz
24e2a5770e77c688,f308a27083b20e11,4.0,5.0,12,60,224,1,rash,val,data/processed/clips/24e2a5770e77c688.npz
77c8e7cc85ada4de,f308a27083b20e11,6.0,5.0,12,60,224,1,rash,val,data/processed/clips/77c8e7cc85ada4de.npz
7df396d00949ebf8,f308a27083b20e11,8.0,5.0,12,60,224,1,rash,val,data/processed/clips/7df396d00949ebf8.npz
26453a161071be4c,f308a27083b20e11,10.0,5.0,12,60,224,1,rash,val,data/processed/clips/26453a161071be4c.npz
dd0c67b99b76e1fc,f308a27083b20e11,12.0,5.0,12,60,224,1,rash,val,data/processed/clips/dd0c67b99b76e1fc.npz
9e99d14f9eaa6cb6,f308a27083b20e11,14.0,5.0,12,60,224,1,rash,val,data/processed/clips/9e99d14f9eaa6cb6.npz
820dca2c5406e11e,f308a27083b20e11,16.0,5.0,12,60,224,1,rash,val,data/processed/clips/820dca2c5406e11e.npz
56881d21a81f1398,f308a27083b20e11,18.0,5.0,12,60,224,1,rash,val,data/processed/clips/56881d21a81f1398.npz
8de63b9b460e7c8a,f308a27083b20e11,20.0,5.0,12,60,224,1,rash,val,data/processed/clips/8de63b9b460e7c8a.npz
c1321972412def38,f308a27083b20e11,22.0,5.0,12,60,224,1,rash,val,data/processed/clips/c1321972412def38.npz
59bf846b2878d54f,f308a27083b20e11,24.0,5.0,12,60,224,1,rash,val,data/processed/clips/59bf846b2878d54f.npz
7e40b97394864061,f308a27083b20e11,26.0,5.0,12,60,224,1,rash,val,data/processed/clips/7e40b97394864061.npz
e06d6b2a360fba55,f308a27083b20e11,28.0,5.0,12,60,224,1,rash,val,data/processed/clips/e06d6b2a360fba55.npz
aaca512c05887d84,f308a27083b20e11,30.0,5.0,12,60,224,1,rash,val,data/processed/clips/aaca512c05887d84.npz
59c41d4e1f89d65a,f308a27083b20e11,32.0,5.0,12,60,224,1,rash,val,data/processed/clips/59c41d4e1f89d65a.npz
038654d4be0bd4ef,f308a27083b20e11,34.0,5.0,12,60,224,1,rash,val,data/processed/clips/038654d4be0bd4ef.npz
748bc276c9fd1380,f308a27083b20e11,36.0,5.0,12,60,224,1,rash,val,data/processed/clips/748bc276c9fd1380.npz
9de9911e49b25eee,f308a27083b20e11,38.0,5.0,12,60,224,1,rash,val,data/processed/clips/9de9911e49b25eee.npz
21db6bd72df7b999,f308a27083b20e11,40.0,5.0,12,60,224,1,rash,val,data/processed/clips/21db6bd72df7b999.npz
c3c5ba6adddb84ea,f308a27083b20e11,42.0,5.0,12,60,224,1,rash,val,data/processed/clips/c3c5ba6adddb84ea.npz
4640c066a0890f14,90da2cf81db82684,0.0,5.0,12,60,224,1,rash,train,data/processed/clips/4640c066a0890f14.npz
b541b1e9e54da89f,90da2cf81db82684,2.0,5.0,12,60,224,1,rash,train,data/processed/clips/b541b1e9e54da89f.npz
f9755cf485271a2e,90da2cf81db82684,4.0,5.0,12,60,224,1,rash,train,data/processed/clips/f9755cf485271a2e.npz
a7adefa0aef1165e,90da2cf81db82684,6.0,5.0,12,60,224,1,rash,train,data/processed/clips/a7adefa0aef1165e.npz
2464baaf631b8425,90da2cf81db82684,8.0,5.0,12,60,224,1,rash,train,data/processed/clips/2464baaf631b8425.npz
64223da22762f043,90da2cf81db82684,10.0,5.0,12,60,224,1,rash,train,data/processed/clips/64223da22762f043.npz
4a7695d33df3fac3,90da2cf81db82684,12.0,5.0,12,60,224,1,rash,train,data/processed/clips/4a7695d33df3fac3.npz
e592e65ffbd01cad,90da2cf81db82684,14.0,5.0,12,60,224,1,rash,train,data/processed/clips/e592e65ffbd01cad.npz
6f7c30ac259315c4,90da2cf81db82684,16.0,5.0,12,60,224,1,rash,train,data/processed/clips/6f7c30ac259315c4.npz
d84e3f0907d3a8bc,90da2cf81db82684,18.0,5.0,12,60,224,1,rash,train,data/processed/clips/d84e3f0907d3a8bc.npz
96302c0b5d78e0f9,90da2cf81db82684,20.0,5.0,12,60,224,1,rash,train,data/processed/clips/96302c0b5d78e0f9.npz
fde57a9462505e86,90da2cf81db82684,22.0,5.0,12,60,224,1,rash,train,data/processed/clips/fde57a9462505e86.npz
174a596cb88e0487,90da2cf81db82684,24.0,5.0,12,60,224,1,rash,train,data/processed/clips/174a596cb88e0487.npz
de94ac1771db9863,90da2cf81db82684,26.0,5.0,12,60,224,1,rash,train,data/processed/clips/de94ac1771db9863.npz
9296fee84426d63a,90da2cf81db82684,28.0,5.0,12,60,224,1,rash,train,data/processed/clips/9296fee84426d63a.npz
29ed049ce2583c5c,90da2cf81db82684,30.0,5.0,12,60,224,1,rash,train,data/processed/clips/29ed049ce2583c5c.npz
55eda15ce111435e,90da2cf81db82684,32.0,5.0,12,60,224,1,rash,train,data/processed/clips/55eda15ce111435e.npz
8f63e63b4da7ed89,90da2cf81db82684,34.0,5.0,12,60,224,1,rash,train,data/processed/clips/8f63e63b4da7ed89.npz
71fbc2cf382a1b40,90da2cf81db82684,36.0,5.0,12,60,224,1,rash,train,data/processed/clips/71fbc2cf382a1b40.npz
3e0bf984f09e282f,90da2cf81db82684,38.0,5.0,12,60,224,1,rash,train,data/processed/clips/3e0bf984f09e282f.npz
f089a865c8712deb,90da2cf81db82684,40.0,5.0,12,60,224,1,rash,train,data/processed/clips/f089a865c8712deb.npz
a3cd47181749a7d2,90da2cf81db82684,42.0,5.0,12,60,224,1,rash,train,data/processed/clips/a3cd47181749a7d2.npz
1c7c8f47668e1383,90da2cf81db82684,44.0,5.0,12,60,224,1,rash,train,data/processed/clips/1c7c8f47668e1383.npz
a0f58fd776d85342,90da2cf81db82684,46.0,5.0,12,60,224,1,rash,train,data/processed/clips/a0f58fd776d85342.npz
8dcaa8c6b6493690,90da2cf81db82684,48.0,5.0,12,60,224,1,rash,train,data/processed/clips/8dcaa8c6b6493690.npz
d3ccecd3570609e6,90da2cf81db82684,50.0,5.0,12,60,224,1,rash,train,data/processed/clips/d3ccecd3570609e6.npz
dbd4ff25c44b955b,90da2cf81db82684,52.0,5.0,12,60,224,1,rash,train,data/processed/clips/dbd4ff25c44b955b.npz
aa500492921321f3,90da2cf81db82684,54.0,5.0,12,60,224,1,rash,train,data/processed/clips/aa500492921321f3.npz
f5a8097058b5dfe8,90da2cf81db82684,56.0,5.0,12,60,224,1,rash,train,data/processed/clips/f5a8097058b5dfe8.npz
71d5d048b76ad6fc,90da2cf81db82684,58.0,5.0,12,60,224,1,rash,train,data/processed/clips/71d5d048b76ad6fc.npz
6f0dd340b191f0e4,90da2cf81db82684,60.0,5.0,12,60,224,1,rash,train,data/processed/clips/6f0dd340b191f0e4.npz
4caf558ef7505726,90da2cf81db82684,62.0,5.0,12,60,224,1,rash,train,data/processed/clips/4caf558ef7505726.npz
18bcbbbf8ca5f9ed,90da2cf81db82684,64.0,5.0,12,60,224,1,rash,train,data/processed/clips/18bcbbbf8ca5f9ed.npz
8db912818920b1cd,90da2cf81db82684,66.0,5.0,12,60,224,1,rash,train,data/processed/clips/8db912818920b1cd.npz
2e9390c5d247bd44,90da2cf81db82684,68.0,5.0,12,60,224,1,rash,train,data/processed/clips/2e9390c5d247bd44.npz
4b0a23c106994377,90da2cf81db82684,70.0,5.0,12,60,224,1,rash,train,data/processed/clips/4b0a23c106994377.npz
59b775dfc4a19a5e,90da2cf81db82684,72.0,5.0,12,60,224,1,rash,train,data/processed/clips/59b775dfc4a19a5e.npz
a5b060989eda2c42,90da2cf81db82684,74.0,5.0,12,60,224,1,rash,train,data/processed/clips/a5b060989eda2c42.npz
5ba9b2cf541ecc01,90da2cf81db82684,76.0,5.0,12,60,224,1,rash,train,data/processed/clips/5ba9b2cf541ecc01.npz
718bb105546227b4,90da2cf81db82684,78.0,5.0,12,60,224,1,rash,train,data/processed/clips/718bb105546227b4.npz
af76a58c8236225f,90da2cf81db82684,80.0,5.0,12,60,224,1,rash,train,data/processed/clips/af76a58c8236225f.npz
527094fdc99f5708,90da2cf81db82684,82.0,5.0,12,60,224,1,rash,train,data/processed/clips/527094fdc99f5708.npz
180c95b1c05f36a1,90da2cf81db82684,84.0,5.0,12,60,224,1,rash,train,data/processed/clips/180c95b1c05f36a1.npz
ac337cb3685dc216,90da2cf81db82684,86.0,5.0,12,60,224,1,rash,train,data/processed/clips/ac337cb3685dc216.npz
7730aac918b79263,90da2cf81db82684,88.0,5.0,12,60,224,1,rash,train,data/processed/clips/7730aac918b79263.npz
4ba2e8477fb44dcf,90da2cf81db82684,90.0,5.0,12,60,224,1,rash,train,data/processed/clips/4ba2e8477fb44dcf.npz
fd34c014e48620af,90da2cf81db82684,92.0,5.0,12,60,224,1,rash,train,data/processed/clips/fd34c014e48620af.npz
6dd0e74130300a30,90da2cf81db82684,94.0,5.0,12,60,224,1,rash,train,data/processed/clips/6dd0e74130300a30.npz
c93b45a25d84fd5d,90da2cf81db82684,96.0,5.0,12,60,224,1,rash,train,data/processed/clips/c93b45a25d84fd5d.npz
a87e6712bcd89420,90da2cf81db82684,98.0,5.0,12,60,224,1,rash,train,data/processed/clips/a87e6712bcd89420.npz
455ea59e7cec0296,90da2cf81db82684,100.0,5.0,12,60,224,1,rash,train,data/processed/clips/455ea59e7cec0296.npz
81e03b1b46900202,67cfd5f2993e001f,0.0,5.0,12,60,224,1,rash,train,data/processed/clips/81e03b1b46900202.npz
4b379b176088b29c,67cfd5f2993e001f,2.0,5.0,12,60,224,1,rash,train,data/processed/clips/4b379b176088b29c.npz
c50fba72bf4f7379,67cfd5f2993e001f,4.0,5.0,12,60,224,1,rash,train,data/processed/clips/c50fba72bf4f7379.npz
2b96126878365356,67cfd5f2993e001f,6.0,5.0,12,60,224,1,rash,train,data/processed/clips/2b96126878365356.npz
7717272a191320fd,67cfd5f2993e001f,8.0,5.0,12,60,224,1,rash,train,data/processed/clips/7717272a191320fd.npz
f756a51b50797c1b,67cfd5f2993e001f,10.0,5.0,12,60,224,1,rash,train,data/processed/clips/f756a51b50797c1b.npz
06f55c6e957fff4b,67cfd5f2993e001f,12.0,5.0,12,60,224,1,rash,train,data/processed/clips/06f55c6e957fff4b.npz
fb87d710c73246cd,67cfd5f2993e001f,14.0,5.0,12,60,224,1,rash,train,data/processed/clips/fb87d710c73246cd.npz
201e8b63c803df5f,67cfd5f2993e001f,16.0,5.0,12,60,224,1,rash,train,data/processed/clips/201e8b63c803df5f.npz
436dde971fef5415,67cfd5f2993e001f,18.0,5.0,12,60,224,1,rash,train,data/processed/clips/436dde971fef5415.npz
1978a3d353a28c55,67cfd5f2993e001f,20.0,5.0,12,60,224,1,rash,train,data/processed/clips/1978a3d353a28c55.npz
a03a9bba1a6bd456,67cfd5f2993e001f,22.0,5.0,12,60,224,1,rash,train,data/processed/clips/a03a9bba1a6bd456.npz
80dd832e58795687,67cfd5f2993e001f,24.0,5.0,12,60,224,1,rash,train,data/processed/clips/80dd832e58795687.npz
5206a5871d3dc0da,67cfd5f2993e001f,26.0,5.0,12,60,224,1,rash,train,data/processed/clips/5206a5871d3dc0da.npz
f438d97a64570126,67cfd5f2993e001f,28.0,5.0,12,60,224,1,rash,train,data/processed/clips/f438d97a64570126.npz
a6fbc2827c0799b9,67cfd5f2993e001f,30.0,5.0,12,60,224,1,rash,train,data/processed/clips/a6fbc2827c0799b9.npz
3ce701d90e3ec74e,67cfd5f2993e001f,32.0,5.0,12,60,224,1,rash,train,data/processed/clips/3ce701d90e3ec74e.npz
22ddf5ace8dc0ade,67cfd5f2993e001f,34.0,5.0,12,60,224,1,rash,train,data/processed/clips/22ddf5ace8dc0ade.npz
e2bc112db1d3c8e8,67cfd5f2993e001f,36.0,5.0,12,60,224,1,rash,train,data/processed/clips/e2bc112db1d3c8e8.npz
0f0048088c78abbc,eef01020d2a05499,0.0,5.0,12,60,224,1,rash,train,data/processed/clips/0f0048088c78abbc.npz
bfd9a89eab76b09f,eef01020d2a05499,2.0,5.0,12,60,224,1,rash,train,data/processed/clips/bfd9a89eab76b09f.npz
05e3dbc1f04675e1,eef01020d2a05499,4.0,5.0,12,60,224,1,rash,train,data/processed/clips/05e3dbc1f04675e1.npz
51980335370e5ba4,eef01020d2a05499,6.0,5.0,12,60,224,1,rash,train,data/processed/clips/51980335370e5ba4.npz
b7f2eaab2240aaf3,eef01020d2a05499,8.0,5.0,12,60,224,1,rash,train,data/processed/clips/b7f2eaab2240aaf3.npz
0d3f8d39d3121b89,eef01020d2a05499,10.0,5.0,12,60,224,1,rash,train,data/processed/clips/0d3f8d39d3121b89.npz
f16bc603a493f5aa,eef01020d2a05499,12.0,5.0,12,60,224,1,rash,train,data/processed/clips/f16bc603a493f5aa.npz
de327ca899ba8ec5,eef01020d2a05499,14.0,5.0,12,60,224,1,rash,train,data/processed/clips/de327ca899ba8ec5.npz
4baec1f88580c8af,eef01020d2a05499,16.0,5.0,12,60,224,1,rash,train,data/processed/clips/4baec1f88580c8af.npz
cd7098c071c88494,eef01020d2a05499,18.0,5.0,12,60,224,1,rash,train,data/processed/clips/cd7098c071c88494.npz
2b0b4844f3cb27ca,eef01020d2a05499,20.0,5.0,12,60,224,1,rash,train,data/processed/clips/2b0b4844f3cb27ca.npz
3f40b160bd696060,eef01020d2a05499,22.0,5.0,12,60,224,1,rash,train,data/processed/clips/3f40b160bd696060.npz
4a3a4711c881119f,eef01020d2a05499,24.0,5.0,12,60,224,1,rash,train,data/processed/clips/4a3a4711c881119f.npz
180ffc078fa22b98,eef01020d2a05499,26.0,5.0,12,60,224,1,rash,train,data/processed/clips/180ffc078fa22b98.npz
effbde3981a17836,eef01020d2a05499,28.0,5.0,12,60,224,1,rash,train,data/processed/clips/effbde3981a17836.npz
88b470a4d89a9fbc,eef01020d2a05499,30.0,5.0,12,60,224,1,rash,train,data/processed/clips/88b470a4d89a9fbc.npz
1637a57221d2c212,eef01020d2a05499,32.0,5.0,12,60,224,1,rash,train,data/processed/clips/1637a57221d2c212.npz
48046bbe085f2526,eef01020d2a05499,34.0,5.0,12,60,224,1,rash,train,data/processed/clips/48046bbe085f2526.npz
9c410b6cefab135c,eef01020d2a05499,36.0,5.0,12,60,224,1,rash,train,data/processed/clips/9c410b6cefab135c.npz
f46a93af941e0114,eef01020d2a05499,38.0,5.0,12,60,224,1,rash,train,data/processed/clips/f46a93af941e0114.npz
6d9e758600cf50e0,eef01020d2a05499,40.0,5.0,12,60,224,1,rash,train,data/processed/clips/6d9e758600cf50e0.npz
09028909c1adbae8,eef01020d2a05499,42.0,5.0,12,60,224,1,rash,train,data/processed/clips/09028909c1adbae8.npz
548f15b4ba338684,eef01020d2a05499,44.0,5.0,12,60,224,1,rash,train,data/processed/clips/548f15b4ba338684.npz
79343dd73293a03f,eef01020d2a05499,46.0,5.0,12,60,224,1,rash,train,data/processed/clips/79343dd73293a03f.npz
a2d1bd1e00d2cd20,eef01020d2a05499,48.0,5.0,12,60,224,1,rash,train,data/processed/clips/a2d1bd1e00d2cd20.npz
82b35c4c41559424,eef01020d2a05499,50.0,5.0,12,60,224,1,rash,train,data/processed/clips/82b35c4c41559424.npz
ddf7a91d8fcff751,eef01020d2a05499,52.0,5.0,12,60,224,1,rash,train,data/processed/clips/ddf7a91d8fcff751.npz
7becba138216efd4,eef01020d2a05499,54.0,5.0,12,60,224,1,rash,train,data/processed/clips/7becba138216efd4.npz
6a7e90e9d6907f95,eef01020d2a05499,56.0,5.0,12,60,224,1,rash,train,data/processed/clips/6a7e90e9d6907f95.npz
8287f8d686d36b14,eef01020d2a05499,58.0,5.0,12,60,224,1,rash,train,data/processed/clips/8287f8d686d36b14.npz
2935d8b48f65b921,eef01020d2a05499,60.0,5.0,12,60,224,1,rash,train,data/processed/clips/2935d8b48f65b921.npz
7effaf68b9ae1f10,eef01020d2a05499,62.0,5.0,12,60,224,1,rash,train,data/processed/clips/7effaf68b9ae1f10.npz
98234a80c511aede,eef01020d2a05499,64.0,5.0,12,60,224,1,rash,train,data/processed/clips/98234a80c511aede.npz
4a2e676dda872ccb,eef01020d2a05499,66.0,5.0,12,60,224,1,rash,train,data/processed/clips/4a2e676dda872ccb.npz
9f2d68898250c8d9,eef01020d2a05499,68.0,5.0,12,60,224,1,rash,train,data/processed/clips/9f2d68898250c8d9.npz
303e1b38f1a37600,eef01020d2a05499,70.0,5.0,12,60,224,1,rash,train,data/processed/clips/303e1b38f1a37600.npz
8145a4501cba45cf,eef01020d2a05499,72.0,5.0,12,60,224,1,rash,train,data/processed/clips/8145a4501cba45cf.npz
da1a12d381e462ea,eef01020d2a05499,74.0,5.0,12,60,224,1,rash,train,data/processed/clips/da1a12d381e462ea.npz
67ed46e67d168531,eef01020d2a05499,76.0,5.0,12,60,224,1,rash,train,data/processed/clips/67ed46e67d168531.npz
d439d792d62b08d9,eef01020d2a05499,78.0,5.0,12,60,224,1,rash,train,data/processed/clips/d439d792d62b08d9.npz
7e35202f1d39a0ce,eef01020d2a05499,80.0,5.0,12,60,224,1,rash,train,data/processed/clips/7e35202f1d39a0ce.npz
c7ce5326f02d218c,eef01020d2a05499,82.0,5.0,12,60,224,1,rash,train,data/processed/clips/c7ce5326f02d218c.npz
554023c6cbaaa7f4,eef01020d2a05499,84.0,5.0,12,60,224,1,rash,train,data/processed/clips/554023c6cbaaa7f4.npz
81de3eedb6ff72e0,eef01020d2a05499,86.0,5.0,12,60,224,1,rash,train,data/processed/clips/81de3eedb6ff72e0.npz
d9aa927a7388edd0,eef01020d2a05499,88.0,5.0,12,60,224,1,rash,train,data/processed/clips/d9aa927a7388edd0.npz
54cce933b43cb4ba,eef01020d2a05499,90.0,5.0,12,60,224,1,rash,train,data/processed/clips/54cce933b43cb4ba.npz
e5144f2be696c4a6,eef01020d2a05499,92.0,5.0,12,60,224,1,rash,train,data/processed/clips/e5144f2be696c4a6.npz
7e5386bb1e1a8f8f,eef01020d2a05499,94.0,5.0,12,60,224,1,rash,train,data/processed/clips/7e5386bb1e1a8f8f.npz
6201919fb03f735a,eef01020d2a05499,96.0,5.0,12,60,224,1,rash,train,data/processed/clips/6201919fb03f735a.npz
7b1539bab10537b9,eef01020d2a05499,98.0,5.0,12,60,224,1,rash,train,data/processed/clips/7b1539bab10537b9.npz
61c70adfef10e316,eef01020d2a05499,100.0,5.0,12,60,224,1,rash,train,data/processed/clips/61c70adfef10e316.npz
3ddd11f85efaa3bf,eef01020d2a05499,102.0,5.0,12,60,224,1,rash,train,data/processed/clips/3ddd11f85efaa3bf.npz
256850eb69cb83d6,eef01020d2a05499,104.0,5.0,12,60,224,1,rash,train,data/processed/clips/256850eb69cb83d6.npz
d492a84c79e7d1a8,eef01020d2a05499,106.0,5.0,12,60,224,1,rash,train,data/processed/clips/d492a84c79e7d1a8.npz
c3163965cb2b3d6e,eef01020d2a05499,108.0,5.0,12,60,224,1,rash,train,data/processed/clips/c3163965cb2b3d6e.npz
3848a54ac00efa52,eef01020d2a05499,110.0,5.0,12,60,224,1,rash,train,data/processed/clips/3848a54ac00efa52.npz
c9cabbc95efb8d1f,93aaff20640a5785,0.0,5.0,12,60,224,1,rash,train,data/processed/clips/c9cabbc95efb8d1f.npz
52aea7486f354f6f,93aaff20640a5785,2.0,5.0,12,60,224,1,rash,train,data/processed/clips/52aea7486f354f6f.npz
7392b60d90e322ba,93aaff20640a5785,4.0,5.0,12,60,224,1,rash,train,data/processed/clips/7392b60d90e322ba.npz
2cefa945d02ab946,93aaff20640a5785,6.0,5.0,12,60,224,1,rash,train,data/processed/clips/2cefa945d02ab946.npz
851448a7b599aeec,93aaff20640a5785,8.0,5.0,12,60,224,1,rash,train,data/processed/clips/851448a7b599aeec.npz
7a174c73ebd391c1,93aaff20640a5785,10.0,5.0,12,60,224,1,rash,train,data/processed/clips/7a174c73ebd391c1.npz
54a9813b482ca76f,93aaff20640a5785,12.0,5.0,12,60,224,1,rash,train,data/processed/clips/54a9813b482ca76f.npz
b71418ecf4228b98,93aaff20640a5785,14.0,5.0,12,60,224,1,rash,train,data/processed/clips/b71418ecf4228b98.npz
08d6a85b2d64ccca,93aaff20640a5785,16.0,5.0,12,60,224,1,rash,train,data/processed/clips/08d6a85b2d64ccca.npz
f3d419a8e582c4f3,93aaff20640a5785,18.0,5.0,12,60,224,1,rash,train,data/processed/clips/f3d419a8e582c4f3.npz
4f3ccdab41ecd193,93aaff20640a5785,20.0,5.0,12,60,224,1,rash,train,data/processed/clips/4f3ccdab41ecd193.npz
16f5531b7a83e886,93aaff20640a5785,22.0,5.0,12,60,224,1,rash,train,data/processed/clips/16f5531b7a83e886.npz
1cee60ac341848c8,93aaff20640a5785,24.0,5.0,12,60,224,1,rash,train,data/processed/clips/1cee60ac341848c8.npz
5af58e3119a4b2cf,93aaff20640a5785,26.0,5.0,12,60,224,1,rash,train,data/processed/clips/5af58e3119a4b2cf.npz
dfa8bc85dd10b7c5,93aaff20640a5785,28.0,5.0,12,60,224,1,rash,train,data/processed/clips/dfa8bc85dd10b7c5.npz
4c2686d23e358b13,93aaff20640a5785,30.0,5.0,12,60,224,1,rash,train,data/processed/clips/4c2686d23e358b13.npz
13fecad4c357adc2,93aaff20640a5785,32.0,5.0,12,60,224,1,rash,train,data/processed/clips/13fecad4c357adc2.npz
6de22a96f5230937,93aaff20640a5785,34.0,5.0,12,60,224,1,rash,train,data/processed/clips/6de22a96f5230937.npz
15fce5c067837e33,93aaff20640a5785,36.0,5.0,12,60,224,1,rash,train,data/processed/clips/15fce5c067837e33.npz
0a1678f9ac602321,93aaff20640a5785,38.0,5.0,12,60,224,1,rash,train,data/processed/clips/0a1678f9ac602321.npz
b2b5e57fa6073df4,93aaff20640a5785,40.0,5.0,12,60,224,1,rash,train,data/processed/clips/b2b5e57fa6073df4.npz
c96956997c6f1e4e,93aaff20640a5785,42.0,5.0,12,60,224,1,rash,train,data/processed/clips/c96956997c6f1e4e.npz
d5c421206f476b69,93aaff20640a5785,44.0,5.0,12,60,224,1,rash,train,data/processed/clips/d5c421206f476b69.npz
11c4774ab8fc2a66,93aaff20640a5785,46.0,5.0,12,60,224,1,rash,train,data/processed/clips/11c4774ab8fc2a66.npz
db6f468d30cca146,93aaff20640a5785,48.0,5.0,12,60,224,1,rash,train,data/processed/clips/db6f468d30cca146.npz
c2b1066b67c6d439,93aaff20640a5785,50.0,5.0,12,60,224,1,rash,train,data/processed/clips/c2b1066b67c6d439.npz
a145a44a31ad08aa,93aaff20640a5785,52.0,5.0,12,60,224,1,rash,train,data/processed/clips/a145a44a31ad08aa.npz
57e9653ecae05de0,93aaff20640a5785,54.0,5.0,12,60,224,1,rash,train,data/processed/clips/57e9653ecae05de0.npz
2e157ba9185aa24a,93aaff20640a5785,56.0,5.0,12,60,224,1,rash,train,data/processed/clips/2e157ba9185aa24a.npz
627d4ce81a213806,93aaff20640a5785,58.0,5.0,12,60,224,1,rash,train,data/processed/clips/627d4ce81a213806.npz
741d9d249d33769b,93aaff20640a5785,60.0,5.0,12,60,224,1,rash,train,data/processed/clips/741d9d249d33769b.npz
86fec6120b63c72c,93aaff20640a5785,62.0,5.0,12,60,224,1,rash,train,data/processed/clips/86fec6120b63c72c.npz
1e6824686ba76cc7,93aaff20640a5785,64.0,5.0,12,60,224,1,rash,train,data/processed/clips/1e6824686ba76cc7.npz
5089d0e5f44d7a19,93aaff20640a5785,66.0,5.0,12,60,224,1,rash,train,data/processed/clips/5089d0e5f44d7a19.npz
287ec37f333e170b,93aaff20640a5785,68.0,5.0,12,60,224,1,rash,train,data/processed/clips/287ec37f333e170b.npz
d84a61fe907f41e1,93aaff20640a5785,70.0,5.0,12,60,224,1,rash,train,data/processed/clips/d84a61fe907f41e1.npz
2a8b3a72b0919e3b,93aaff20640a5785,72.0,5.0,12,60,224,1,rash,train,data/processed/clips/2a8b3a72b0919e3b.npz
a3277675f034550b,93aaff20640a5785,74.0,5.0,12,60,224,1,rash,train,data/processed/clips/a3277675f034550b.npz
01ebd01eaa006c79,93aaff20640a5785,76.0,5.0,12,60,224,1,rash,train,data/processed/clips/01ebd01eaa006c79.npz
9ee8e3ce825c34f1,93aaff20640a5785,78.0,5.0,12,60,224,1,rash,train,data/processed/clips/9ee8e3ce825c34f1.npz
870028466f44dbc7,93aaff20640a5785,80.0,5.0,12,60,224,1,rash,train,data/processed/clips/870028466f44dbc7.npz
c67fc54850cbd646,93aaff20640a5785,82.0,5.0,12,60,224,1,rash,train,data/processed/clips/c67fc54850cbd646.npz
648be9c7645df1e5,93aaff20640a5785,84.0,5.0,12,60,224,1,rash,train,data/processed/clips/648be9c7645df1e5.npz
f23db41f374a46b3,93aaff20640a5785,86.0,5.0,12,60,224,1,rash,train,data/processed/clips/f23db41f374a46b3.npz
554df8ebdbc999e8,93aaff20640a5785,88.0,5.0,12,60,224,1,rash,train,data/processed/clips/554df8ebdbc999e8.npz
fa0b377e7dd2fd27,93aaff20640a5785,90.0,5.0,12,60,224,1,rash,train,data/processed/clips/fa0b377e7dd2fd27.npz
b19ae6977934ee95,93aaff20640a5785,92.0,5.0,12,60,224,1,rash,train,data/processed/clips/b19ae6977934ee95.npz
e7df6ce7209ee977,93aaff20640a5785,94.0,5.0,12,60,224,1,rash,train,data/processed/clips/e7df6ce7209ee977.npz
93b5f8e08225c58a,93aaff20640a5785,96.0,5.0,12,60,224,1,rash,train,data/processed/clips/93b5f8e08225c58a.npz
f65e7d7874116e42,93aaff20640a5785,98.0,5.0,12,60,224,1,rash,train,data/processed/clips/f65e7d7874116e42.npz
af59ad5a15a22f47,93aaff20640a5785,100.0,5.0,12,60,224,1,rash,train,data/processed/clips/af59ad5a15a22f47.npz
9bba7950bfa32801,93aaff20640a5785,102.0,5.0,12,60,224,1,rash,train,data/processed/clips/9bba7950bfa32801.npz
5c647e44a16d34d3,93aaff20640a5785,104.0,5.0,12,60,224,1,rash,train,data/processed/clips/5c647e44a16d34d3.npz
26aba063747523cb,93aaff20640a5785,106.0,5.0,12,60,224,1,rash,train,data/processed/clips/26aba063747523cb.npz
477b6dbeb20e829a,93aaff20640a5785,108.0,5.0,12,60,224,1,rash,train,data/processed/clips/477b6dbeb20e829a.npz
2a0df4ff79b3c6e6,93aaff20640a5785,110.0,5.0,12,60,224,1,rash,train,data/processed/clips/2a0df4ff79b3c6e6.npz
49d046d1d16ece45,93aaff20640a5785,112.0,5.0,12,60,224,1,rash,train,data/processed/clips/49d046d1d16ece45.npz
1d0593876cb29270,93aaff20640a5785,114.0,5.0,12,60,224,1,rash,train,data/processed/clips/1d0593876cb29270.npz
f2bf82c9e3dded68,93aaff20640a5785,116.0,5.0,12,60,224,1,rash,train,data/processed/clips/f2bf82c9e3dded68.npz
615c56963164ac1b,93aaff20640a5785,118.0,5.0,12,60,224,1,rash,train,data/processed/clips/615c56963164ac1b.npz
3f371ea8067ddea8,93aaff20640a5785,120.0,5.0,12,60,224,1,rash,train,data/processed/clips/3f371ea8067ddea8.npz
b9117ecf8abfd7e7,93aaff20640a5785,122.0,5.0,12,60,224,1,rash,train,data/processed/clips/b9117ecf8abfd7e7.npz
1354e7b35fbcdaf7,93aaff20640a5785,124.0,5.0,12,60,224,1,rash,train,data/processed/clips/1354e7b35fbcdaf7.npz
e7173ea21eba50ad,93aaff20640a5785,126.0,5.0,12,60,224,1,rash,train,data/processed/clips/e7173ea21eba50ad.npz
b79ff7fd20f2c7e6,93aaff20640a5785,128.0,5.0,12,60,224,1,rash,train,data/processed/clips/b79ff7fd20f2c7e6.npz
c6ba87b6651ad3f9,93aaff20640a5785,130.0,5.0,12,60,224,1,rash,train,data/processed/clips/c6ba87b6651ad3f9.npz
de7c40c2ee88b5ad,93aaff20640a5785,132.0,5.0,12,60,224,1,rash,train,data/processed/clips/de7c40c2ee88b5ad.npz
bf87e47f7d9da7e1,93aaff20640a5785,134.0,5.0,12,60,224,1,rash,train,data/processed/clips/bf87e47f7d9da7e1.npz
7f42855ec405b03e,93aaff20640a5785,136.0,5.0,12,60,224,1,rash,train,data/processed/clips/7f42855ec405b03e.npz
e67b478ec2d5e6e2,93aaff20640a5785,138.0,5.0,12,60,224,1,rash,train,data/processed/clips/e67b478ec2d5e6e2.npz
4e55664785b1b0d2,93aaff20640a5785,140.0,5.0,12,60,224,1,rash,train,data/processed/clips/4e55664785b1b0d2.npz
5db772d54493545a,93aaff20640a5785,142.0,5.0,12,60,224,1,rash,train,data/processed/clips/5db772d54493545a.npz
751fdc0cbf379c98,93aaff20640a5785,144.0,5.0,12,60,224,1,rash,train,data/processed/clips/751fdc0cbf379c98.npz
9d67f15f682c9b20,93aaff20640a5785,146.0,5.0,12,60,224,1,rash,train,data/processed/clips/9d67f15f682c9b20.npz
bec297c4d2b13ff1,93aaff20640a5785,148.0,5.0,12,60,224,1,rash,train,data/processed/clips/bec297c4d2b13ff1.npz
3b141a47f5bc26a2,93aaff20640a5785,150.0,5.0,12,60,224,1,rash,train,data/processed/clips/3b141a47f5bc26a2.npz
34060fc7c30ce1f0,93aaff20640a5785,152.0,5.0,12,60,224,1,rash,train,data/processed/clips/34060fc7c30ce1f0.npz
5dd2b92edf4982f5,93aaff20640a5785,154.0,5.0,12,60,224,1,rash,train,data/processed/clips/5dd2b92edf4982f5.npz
b3ae7d164aaed675,93aaff20640a5785,156.0,5.0,12,60,224,1,rash,train,data/processed/clips/b3ae7d164aaed675.npz
bdd21aafdf732b86,93aaff20640a5785,158.0,5.0,12,60,224,1,rash,train,data/processed/clips/bdd21aafdf732b86.npz
bb582f152af5463a,93aaff20640a5785,160.0,5.0,12,60,224,1,rash,train,data/processed/clips/bb582f152af5463a.npz
d5b31d7a4f868e18,93aaff20640a5785,162.0,5.0,12,60,224,1,rash,train,data/processed/clips/d5b31d7a4f868e18.npz
a79c4a1e6527c7f4,93aaff20640a5785,164.0,5.0,12,60,224,1,rash,train,data/processed/clips/a79c4a1e6527c7f4.npz
854fe49981b95f89,93aaff20640a5785,166.0,5.0,12,60,224,1,rash,train,data/processed/clips/854fe49981b95f89.npz
7c18bf2ba8ea33cb,93aaff20640a5785,168.0,5.0,12,60,224,1,rash,train,data/processed/clips/7c18bf2ba8ea33cb.npz
56850b1b13b39676,93aaff20640a5785,170.0,5.0,12,60,224,1,rash,train,data/processed/clips/56850b1b13b39676.npz
e5b314f96465ab40,93aaff20640a5785,172.0,5.0,12,60,224,1,rash,train,data/processed/clips/e5b314f96465ab40.npz
bdab1231a9f4bcd5,93aaff20640a5785,174.0,5.0,12,60,224,1,rash,train,data/processed/clips/bdab1231a9f4bcd5.npz
0afcb7d9e3e7312e,93aaff20640a5785,176.0,5.0,12,60,224,1,rash,train,data/processed/clips/0afcb7d9e3e7312e.npz
6127c75daaa4b08f,93aaff20640a5785,178.0,5.0,12,60,224,1,rash,train,data/processed/clips/6127c75daaa4b08f.npz
0ecf9f0e564538c8,93aaff20640a5785,180.0,5.0,12,60,224,1,rash,train,data/processed/clips/0ecf9f0e564538c8.npz
167da76a08ef6ee4,93aaff20640a5785,182.0,5.0,12,60,224,1,rash,train,data/processed/clips/167da76a08ef6ee4.npz
813a34024e3f69aa,93aaff20640a5785,184.0,5.0,12,60,224,1,rash,train,data/processed/clips/813a34024e3f69aa.npz
b2f60a279af14456,93aaff20640a5785,186.0,5.0,12,60,224,1,rash,train,data/processed/clips/b2f60a279af14456.npz
6d731a9d2fbbc6b7,93aaff20640a5785,188.0,5.0,12,60,224,1,rash,train,data/processed/clips/6d731a9d2fbbc6b7.npz
866ec9b7ab37886a,93aaff20640a5785,190.0,5.0,12,60,224,1,rash,train,data/processed/clips/866ec9b7ab37886a.npz
ff2c2a223695ce49,93aaff20640a5785,192.0,5.0,12,60,224,1,rash,train,data/processed/clips/ff2c2a223695ce49.npz
b90e3e5f02696664,93aaff20640a5785,194.0,5.0,12,60,224,1,rash,train,data/processed/clips/b90e3e5f02696664.npz
2b85c677ff0bdd66,93aaff20640a5785,196.0,5.0,12,60,224,1,rash,train,data/processed/clips/2b85c677ff0bdd66.npz
c77ff428feadece7,93aaff20640a5785,198.0,5.0,12,60,224,1,rash,train,data/processed/clips/c77ff428feadece7.npz
370511a8cbe97520,93aaff20640a5785,200.0,5.0,12,60,224,1,rash,train,data/processed/clips/370511a8cbe97520.npz
6d64f1715f1ef467,93aaff20640a5785,202.0,5.0,12,60,224,1,rash,train,data/processed/clips/6d64f1715f1ef467.npz
adea756454170680,93aaff20640a5785,204.0,5.0,12,60,224,1,rash,train,data/processed/clips/adea756454170680.npz
843498c424bc4431,93aaff20640a5785,206.0,5.0,12,60,224,1,rash,train,data/processed/clips/843498c424bc4431.npz
099c05d42e8cac91,93aaff20640a5785,208.0,5.0,12,60,224,1,rash,train,data/processed/clips/099c05d42e8cac91.npz
62471fbb82cfb0b6,93aaff20640a5785,210.0,5.0,12,60,224,1,rash,train,data/processed/clips/62471fbb82cfb0b6.npz
1899c4c21e7ddaab,93aaff20640a5785,212.0,5.0,12,60,224,1,rash,train,data/processed/clips/1899c4c21e7ddaab.npz
dc3876ce01221931,93aaff20640a5785,214.0,5.0,12,60,224,1,rash,train,data/processed/clips/dc3876ce01221931.npz
c815fa7fe7549959,93aaff20640a5785,216.0,5.0,12,60,224,1,rash,train,data/processed/clips/c815fa7fe7549959.npz
a5d693b71965532c,93aaff20640a5785,218.0,5.0,12,60,224,1,rash,train,data/processed/clips/a5d693b71965532c.npz
036c084e6e53921b,93aaff20640a5785,220.0,5.0,12,60,224,1,rash,train,data/processed/clips/036c084e6e53921b.npz
7434c62fbf506a1d,93aaff20640a5785,222.0,5.0,12,60,224,1,rash,train,data/processed/clips/7434c62fbf506a1d.npz
a217b15a07ace317,93aaff20640a5785,224.0,5.0,12,60,224,1,rash,train,data/processed/clips/a217b15a07ace317.npz
72490103ba4c1a8e,93aaff20640a5785,226.0,5.0,12,60,224,1,rash,train,data/processed/clips/72490103ba4c1a8e.npz
c90d0345ee9739c3,93aaff20640a5785,228.0,5.0,12,60,224,1,rash,train,data/processed/clips/c90d0345ee9739c3.npz
3128c6549dca5c07,93aaff20640a5785,230.0,5.0,12,60,224,1,rash,train,data/processed/clips/3128c6549dca5c07.npz
92e891fdc0a6b8a5,93aaff20640a5785,232.0,5.0,12,60,224,1,rash,train,data/processed/clips/92e891fdc0a6b8a5.npz
f438915ecac24764,93aaff20640a5785,234.0,5.0,12,60,224,1,rash,train,data/processed/clips/f438915ecac24764.npz
74351343f2e58a69,93aaff20640a5785,236.0,5.0,12,60,224,1,rash,train,data/processed/clips/74351343f2e58a69.npz
b907fa3f20c66c7f,93aaff20640a5785,238.0,5.0,12,60,224,1,rash,train,data/processed/clips/b907fa3f20c66c7f.npz
a74b4c2cbfdc9b8c,93aaff20640a5785,240.0,5.0,12,60,224,1,rash,train,data/processed/clips/a74b4c2cbfdc9b8c.npz
f9200d33f74afcdb,93aaff20640a5785,242.0,5.0,12,60,224,1,rash,train,data/processed/clips/f9200d33f74afcdb.npz
2b91fd2f2557cc3d,93aaff20640a5785,244.0,5.0,12,60,224,1,rash,train,data/processed/clips/2b91fd2f2557cc3d.npz
de31224a7239e5e9,93aaff20640a5785,246.0,5.0,12,60,224,1,rash,train,data/processed/clips/de31224a7239e5e9.npz
ce155a2b0d55999b,93aaff20640a5785,248.0,5.0,12,60,224,1,rash,train,data/processed/clips/ce155a2b0d55999b.npz
a3dfb60cb27fcfad,93aaff20640a5785,250.0,5.0,12,60,224,1,rash,train,data/processed/clips/a3dfb60cb27fcfad.npz
d6861ddbd7e830cc,93aaff20640a5785,252.0,5.0,12,60,224,1,rash,train,data/processed/clips/d6861ddbd7e830cc.npz
7b82e510ed8d8321,93aaff20640a5785,254.0,5.0,12,60,224,1,rash,train,data/processed/clips/7b82e510ed8d8321.npz
d30e076f7cabd6fc,93aaff20640a5785,256.0,5.0,12,60,224,1,rash,train,data/processed/clips/d30e076f7cabd6fc.npz
5e8469197ca3abad,93aaff20640a5785,258.0,5.0,12,60,224,1,rash,train,data/processed/clips/5e8469197ca3abad.npz
d25466da02651356,93aaff20640a5785,260.0,5.0,12,60,224,1,rash,train,data/processed/clips/d25466da02651356.npz
7d3ec9f766a170cc,93aaff20640a5785,262.0,5.0,12,60,224,1,rash,train,data/processed/clips/7d3ec9f766a170cc.npz
57a4658ac1ae09b1,93aaff20640a5785,264.0,5.0,12,60,224,1,rash,train,data/processed/clips/57a4658ac1ae09b1.npz
20d2843fc06feba7,93aaff20640a5785,266.0,5.0,12,60,224,1,rash,train,data/processed/clips/20d2843fc06feba7.npz
6037d4aed47e5503,93aaff20640a5785,268.0,5.0,12,60,224,1,rash,train,data/processed/clips/6037d4aed47e5503.npz
b437d784fd6c2923,93aaff20640a5785,270.0,5.0,12,60,224,1,rash,train,data/processed/clips/b437d784fd6c2923.npz
146ec7abc75c7b7c,93aaff20640a5785,272.0,5.0,12,60,224,1,rash,train,data/processed/clips/146ec7abc75c7b7c.npz
591f27a632e90172,93aaff20640a5785,274.0,5.0,12,60,224,1,rash,train,data/processed/clips/591f27a632e90172.npz
fcc45ca8fb2e3ee2,93aaff20640a5785,276.0,5.0,12,60,224,1,rash,train,data/processed/clips/fcc45ca8fb2e3ee2.npz
dff473cda105fdda,93aaff20640a5785,278.0,5.0,12,60,224,1,rash,train,data/processed/clips/dff473cda105fdda.npz
0394127eccc2e8f4,93aaff20640a5785,280.0,5.0,12,60,224,1,rash,train,data/processed/clips/0394127eccc2e8f4.npz
297252e6d69b7805,93aaff20640a5785,282.0,5.0,12,60,224,1,rash,train,data/processed/clips/297252e6d69b7805.npz
7b88b01c2f011ff0,93aaff20640a5785,284.0,5.0,12,60,224,1,rash,train,data/processed/clips/7b88b01c2f011ff0.npz
f96d60a338e32877,93aaff20640a5785,286.0,5.0,12,60,224,1,rash,train,data/processed/clips/f96d60a338e32877.npz
2856460a88cd9f02,93aaff20640a5785,288.0,5.0,12,60,224,1,rash,train,data/processed/clips/2856460a88cd9f02.npz
53588a3af22111d9,93aaff20640a5785,290.0,5.0,12,60,224,1,rash,train,data/processed/clips/53588a3af22111d9.npz
0c41feb3629a9af2,93aaff20640a5785,292.0,5.0,12,60,224,1,rash,train,data/processed/clips/0c41feb3629a9af2.npz
2213c2e4b213e7ae,93aaff20640a5785,294.0,5.0,12,60,224,1,rash,train,data/processed/clips/2213c2e4b213e7ae.npz
af581fca7a8b4199,93aaff20640a5785,296.0,5.0,12,60,224,1,rash,train,data/processed/clips/af581fca7a8b4199.npz
878f3a4f9bab2451,93aaff20640a5785,298.0,5.0,12,60,224,1,rash,train,data/processed/clips/878f3a4f9bab2451.npz
16cda6fee40bf2fb,93aaff20640a5785,300.0,5.0,12,60,224,1,rash,train,data/processed/clips/16cda6fee40bf2fb.npz
5e80218135619fd7,93aaff20640a5785,302.0,5.0,12,60,224,1,rash,train,data/processed/clips/5e80218135619fd7.npz
e1d2933bec5e0018,93aaff20640a5785,304.0,5.0,12,60,224,1,rash,train,data/processed/clips/e1d2933bec5e0018.npz
e0d9add4c26a41f2,93aaff20640a5785,306.0,5.0,12,60,224,1,rash,train,data/processed/clips/e0d9add4c26a41f2.npz
7e204ed6b165b097,93aaff20640a5785,308.0,5.0,12,60,224,1,rash,train,data/processed/clips/7e204ed6b165b097.npz
a5119b3475e9026c,93aaff20640a5785,310.0,5.0,12,60,224,1,rash,train,data/processed/clips/a5119b3475e9026c.npz
2a71b8adcec9595d,93aaff20640a5785,312.0,5.0,12,60,224,1,rash,train,data/processed/clips/2a71b8adcec9595d.npz
2f97c3fd8443c69a,93aaff20640a5785,314.0,5.0,12,60,224,1,rash,train,data/processed/clips/2f97c3fd8443c69a.npz
7d43fb48b62a870e,93aaff20640a5785,316.0,5.0,12,60,224,1,rash,train,data/processed/clips/7d43fb48b62a870e.npz
7ce456e28ef49410,93aaff20640a5785,318.0,5.0,12,60,224,1,rash,train,data/processed/clips/7ce456e28ef49410.npz
4c11e58838117eeb,93aaff20640a5785,320.0,5.0,12,60,224,1,rash,train,data/processed/clips/4c11e58838117eeb.npz
e0f0cf5cc92cdb7b,93aaff20640a5785,322.0,5.0,12,60,224,1,rash,train,data/processed/clips/e0f0cf5cc92cdb7b.npz
f60b5e65bd4fefb5,93aaff20640a5785,324.0,5.0,12,60,224,1,rash,train,data/processed/clips/f60b5e65bd4fefb5.npz
512b5e4f42732f6b,93aaff20640a5785,326.0,5.0,12,60,224,1,rash,train,data/processed/clips/512b5e4f42732f6b.npz
26d85dd9d9fafe15,93aaff20640a5785,328.0,5.0,12,60,224,1,rash,train,data/processed/clips/26d85dd9d9fafe15.npz
2d4053258daa3007,93aaff20640a5785,330.0,5.0,12,60,224,1,rash,train,data/processed/clips/2d4053258daa3007.npz
82edcfb16fafee3a,93aaff20640a5785,332.0,5.0,12,60,224,1,rash,train,data/processed/clips/82edcfb16fafee3a.npz
fee608b029f6359f,93aaff20640a5785,334.0,5.0,12,60,224,1,rash,train,data/processed/clips/fee608b029f6359f.npz
dc647595df8ae3ea,93aaff20640a5785,336.0,5.0,12,60,224,1,rash,train,data/processed/clips/dc647595df8ae3ea.npz
fcb2b68de25cd565,93aaff20640a5785,338.0,5.0,12,60,224,1,rash,train,data/processed/clips/fcb2b68de25cd565.npz
00a324356a3b9965,93aaff20640a5785,340.0,5.0,12,60,224,1,rash,train,data/processed/clips/00a324356a3b9965.npz
96a8a3faa7ebf793,93aaff20640a5785,342.0,5.0,12,60,224,1,rash,train,data/processed/clips/96a8a3faa7ebf793.npz
64b3a2882ca2694f,93aaff20640a5785,344.0,5.0,12,60,224,1,rash,train,data/processed/clips/64b3a2882ca2694f.npz
e76792420e8d8311,93aaff20640a5785,346.0,5.0,12,60,224,1,rash,train,data/processed/clips/e76792420e8d8311.npz
b5a8f210abf9494f,93aaff20640a5785,348.0,5.0,12,60,224,1,rash,train,data/processed/clips/b5a8f210abf9494f.npz
f395503b47e68934,93aaff20640a5785,350.0,5.0,12,60,224,1,rash,train,data/processed/clips/f395503b47e68934.npz
79ececc76488d751,93aaff20640a5785,352.0,5.0,12,60,224,1,rash,train,data/processed/clips/79ececc76488d751.npz
1603bcfd9f6ad75c,93aaff20640a5785,354.0,5.0,12,60,224,1,rash,train,data/processed/clips/1603bcfd9f6ad75c.npz
02a01fcba03598bf,93aaff20640a5785,356.0,5.0,12,60,224,1,rash,train,data/processed/clips/02a01fcba03598bf.npz
b1f1dc8bd936497d,93aaff20640a5785,358.0,5.0,12,60,224,1,rash,train,data/processed/clips/b1f1dc8bd936497d.npz
7ac06f0817131cac,93aaff20640a5785,360.0,5.0,12,60,224,1,rash,train,data/processed/clips/7ac06f0817131cac.npz
7d4bd64e9d3f03a4,93aaff20640a5785,362.0,5.0,12,60,224,1,rash,train,data/processed/clips/7d4bd64e9d3f03a4.npz
b44ea5de037edcb7,93aaff20640a5785,364.0,5.0,12,60,224,1,rash,train,data/processed/clips/b44ea5de037edcb7.npz
4bdcf3be15ab0a85,93aaff20640a5785,366.0,5.0,12,60,224,1,rash,train,data/processed/clips/4bdcf3be15ab0a85.npz
573bd1f8616c191c,93aaff20640a5785,368.0,5.0,12,60,224,1,rash,train,data/processed/clips/573bd1f8616c191c.npz
e358c2a9da5d8c05,93aaff20640a5785,370.0,5.0,12,60,224,1,rash,train,data/processed/clips/e358c2a9da5d8c05.npz
d3cdc6ff1c7065d1,93aaff20640a5785,372.0,5.0,12,60,224,1,rash,train,data/processed/clips/d3cdc6ff1c7065d1.npz
719c9eb914f1ec32,93aaff20640a5785,374.0,5.0,12,60,224,1,rash,train,data/processed/clips/719c9eb914f1ec32.npz
fa6a074908402ae7,93aaff20640a5785,376.0,5.0,12,60,224,1,rash,train,data/processed/clips/fa6a074908402ae7.npz
3840827267686803,93aaff20640a5785,378.0,5.0,12,60,224,1,rash,train,data/processed/clips/3840827267686803.npz
ca7907542d86fdb0,56b0e2eb821bd360,0.0,5.0,12,60,224,1,rash,val,data/processed/clips/ca7907542d86fdb0.npz
0102a4fdcf279c77,56b0e2eb821bd360,2.0,5.0,12,60,224,1,rash,val,data/processed/clips/0102a4fdcf279c77.npz
d86119239f41b5ba,56b0e2eb821bd360,4.0,5.0,12,60,224,1,rash,val,data/processed/clips/d86119239f41b5ba.npz
